Campaign_name,Ad_Set_Name,Advertisement_Name,Age,Gender,Students,Clicks,Impressions,Amount_spent,Target_Group
MAY28-2024-HSBI Targeting-College-Applications-LP,Bcom-2127-TI1,07 College Campus,25-27,female,,69,89,10.44,Bcom
MAY28-2024-HSBI Targeting-College-Applications-LP,BBA-2127-TI1,06 10 Job Openings,25-27,male,2,1391,1664,208.34,BBA
MAY28-2024-HSBI Targeting-College-Applications-LP,BBA-2127-TI1,07 College Campus,25-27,unknown,,1,1,0,BBA
MAY28-2024-HSBI Targeting-College-Applications-LP,BBA-2127-TI1,07 College Campus,25-27,female,,1,285,30.03,BBA
MAY28-2024-HSBI Targeting-College-Applications-LP,BBA-2127-TI1,07 College Campus,21-24,male,,1194,1637,216.21,BBA
MAY28-2024-HSBI Targeting-College-Applications-LP,Bcom-2127-TI1,05 Getting a job,21-24,female,,1,1,0.05,Bcom
MAY28-2024-HSBI Targeting-College-Applications-LP,Bcom-2127-TI1,05 Getting a job,21-24,male,,2,2,0.25,Bcom
MAY28-2024-HSBI Targeting-College-Applications-LP,BBA-2127-TI1,06 10 Job Openings,21-24,male,2,2234,2737,248.66,BBA
MAY28-2024-HSBI Targeting-College-Applications-LP,BBA-2127-TI1,06 10 Job Openings,25-27,female,,518,617,85.32,BBA
MAY28-2024-HSBI Targeting-College-Applications-LP,BBA-2127-TI1,07 College Campus,21-24,female,1,340,482,50.38,BBA
MAY28-2024-HSBI Targeting-College-Applications-LP,BBA-2127-TI1,06 10 Job Openings,21-24,female,,698,889,88.36,BBA
MAY28-2024-HSBI Targeting-College-Applications-LP,Btech-2127-TI1,07 College Campus,21-24,female,5,2244,2746,250.51,Btech
MAY28-2024-HSBI Targeting-College-Applications-LP,Btech-2127-TI1,07 College Campus,21-24,male,7,3074,4495,433.06,Btech
MAY28-2024-HSBI Targeting-College-Applications-LP,Btech-2127-TI1,07 College Campus,25-27,male,1,736,1167,127.73,Btech
MAY28-2024-HSBI Targeting-College-Applications-LP,Btech-2127-TI1,07 College Campus,25-27,unknown,,2,5,0.04,Btech
MAY28-2024-HSBI Targeting-College-Applications-LP,Btech-2127-TI1,07 College Campus,21-24,unknown,,7,7,0.48,Btech
MAY28-2024-HSBI Targeting-College-Applications-LP,Btech-2127-TI1,07 College Campus,25-27,female,,362,460,60.36,Btech
MAY28-2024-HSBI Targeting-College-Applications-LP,BBA-2127-TI1,07 College Campus,25-27,male,2,584,794,94.41,BBA
MAY28-2024-HSBI Targeting-College-Applications-LP,BBA-2127-TI1,06 10 Job Openings,21-24,unknown,,3,4,0.14,BBA
MAY28-2024-HSBI Targeting-College-Applications-LP,Btech-2127-TI1,05 Getting a job,21-24,male,,5,5,2.04,Btech
MAY28-2024-HSBI Targeting-College-Applications-LP,Bcom-2127-TI1,06 10 Job Openings,25-27,unknown,,2,3,0.17,Bcom
MAY28-2024-HSBI Targeting-College-Applications-LP,Btech-2127-TI1,05 Getting a job,25-27,female,,3,5,0.55,Btech
MAY28-2024-HSBI Targeting-College-Applications-LP,Bcom-2127-TI1,07 College Campus,25-27,male,,190,254,28.38,Bcom
MAY28-2024-HSBI Targeting-College-Applications-LP,Bcom-2127-TI1,07 College Campus,21-24,female,,337,427,49.32,Bcom
MAY28-2024-HSBI Targeting-College-Applications-LP,Bcom-2127-TI1,07 College Campus,21-24,male,,714,1006,91.38,Bcom
MAY28-2024-HSBI Targeting-College-Applications-LP,Bcom-2127-TI1,06 10 Job Openings,21-24,female,6,3234,3725,292.06,Bcom
MAY28-2024-HSBI Targeting-College-Applications-LP,Bcom-2127-TI1,06 10 Job Openings,21-24,male,3,3954,4466,345.86,Bcom
MAY28-2024-HSBI Targeting-College-Applications-LP,Bcom-2127-TI1,06 10 Job Openings,25-27,male,3,1058,1164,126,Bcom
MAY28-2024-HSBI Targeting-College-Applications-LP,Bcom-2127-TI1,06 10 Job Openings,25-27,female,3,530,628,72.72,Bcom
MAY28-2024-HSBI Targeting-College-Applications-LP,Btech-2127-TI1,05 Getting a job,25-27,male,,1,1,0.12,Btech
MAY28-2024-HSBI Targeting-College-Applications-LP,BBA-2127-TI1,05 Getting a job,25-27,male,,1,2,0.07,BBA
MAY28-2024-HSBI Targeting-College-Applications-LP,Btech-2127-TI1,06 10 Job Openings,21-24,female,1,522,554,44.85,Btech
MAY28-2024-HSBI Targeting-College-Applications-LP,Btech-2127-TI1,06 10 Job Openings,21-24,male,1,611,686,67.89,Btech
MAY28-2024-HSBI Targeting-College-Applications-LP,Btech-2127-TI1,06 10 Job Openings,25-27,male,1,163,170,28.82,Btech
MAY28-2024-HSBI Targeting-College-Applications-LP,Btech-2127-TI1,06 10 Job Openings,25-27,female,,107,116,13.02,Btech
MAY28-2024-HSBI Targeting-College-Applications-LP,Bcom-2127-TI1,06 10 Job Openings,21-24,unknown,,11,11,1.06,Bcom
MAY28-2024-HSBI Targeting-College-Applications-LP,Btech-2127-TI1,05 Getting a job,21-24,female,,3,4,0.98,Btech
MAY28-2024-HSBI Targeting-College-Applications-LP,Bcom-2127-TI1,05 Getting a job,25-27,female,,3,3,0.16,Bcom
MAY28-2024-HSBI Targeting-College-Applications-LP,Bcom-2127-TI1,05 Getting a job,25-27,male,,10,10,2.26,Bcom
MAY28-2024-HSBI Targeting-College-Applications-LP,Bcom-2127-TI1,05 Getting a job,21-24,female,,13,14,7.1,Bcom
MAY28-2024-HSBI Targeting-College-Applications-LP,BBA-2127-TI1,07 College Campus,21-24,unknown,,1,2,0.33,BBA
MAY28-2024-HSBI Targeting-College-Applications-LP,BBA-2127-TI1,07 College Campus,25-27,male,,542,725,121.93,BBA
MAY28-2024-HSBI Targeting-College-Applications-LP,BBA-2127-TI1,07 College Campus,25-27,female,,228,287,47.53,BBA
MAY28-2024-HSBI Targeting-College-Applications-LP,BBA-2127-TI1,07 College Campus,25-27,unknown,,1,1,0.15,BBA
MAY28-2024-HSBI Targeting-College-Applications-LP,BBA-2127-TI1,06 10 Job Openings,21-24,female,1,462,611,72.53,BBA
MAY28-2024-HSBI Targeting-College-Applications-LP,Bcom-2127-TI1,05 Getting a job,21-24,male,,47,58,10.91,Bcom
MAY28-2024-HSBI Targeting-College-Applications-LP,Btech-2127-TI1,07 College Campus,21-24,unknown,,8,12,0.51,Btech
MAY28-2024-HSBI Targeting-College-Applications-LP,BBA-2127-TI1,06 10 Job Openings,21-24,male,2,1661,2090,215.27,BBA
MAY28-2024-HSBI Targeting-College-Applications-LP,BBA-2127-TI1,06 10 Job Openings,25-27,male,1,1068,1269,187.7,BBA
MAY28-2024-HSBI Targeting-College-Applications-LP,BBA-2127-TI1,06 10 Job Openings,21-24,unknown,,1,2,0.14,BBA
MAY28-2024-HSBI Targeting-College-Applications-LP,BBA-2127-TI1,06 10 Job Openings,25-27,female,,346,436,65.33,BBA
MAY28-2024-HSBI Targeting-College-Applications-LP,Btech-2127-TI1,07 College Campus,21-24,female,5,2220,2756,259.4,Btech
MAY28-2024-HSBI Targeting-College-Applications-LP,Btech-2127-TI1,07 College Campus,21-24,male,7,3337,4763,518.29,Btech
MAY28-2024-HSBI Targeting-College-Applications-LP,Btech-2127-TI1,07 College Campus,25-27,female,2,356,457,60.44,Btech
MAY28-2024-HSBI Targeting-College-Applications-LP,Btech-2127-TI1,07 College Campus,25-27,male,3,830,1174,127.16,Btech
MAY28-2024-HSBI Targeting-College-Applications-LP,Btech-2127-TI1,07 College Campus,25-27,unknown,,1,1,0.02,Btech
MAY28-2024-HSBI Targeting-College-Applications-LP,BBA-2127-TI1,07 College Campus,21-24,female,2,332,480,88.86,BBA
MAY28-2024-HSBI Targeting-College-Applications-LP,BBA-2127-TI1,07 College Campus,21-24,male,3,1091,1516,218.39,BBA
MAY28-2024-HSBI Targeting-College-Applications-LP,BBA-2127-TI1,05 Getting a job,21-24,female,,4,4,0.1,BBA
MAY28-2024-HSBI Targeting-College-Applications-LP,Btech-2127-TI1,05 Getting a job,25-27,male,,2,2,0.3,Btech
MAY28-2024-HSBI Targeting-College-Applications-LP,Bcom-2127-TI1,06 10 Job Openings,25-27,male,3,712,802,96.98,Bcom
MAY28-2024-HSBI Targeting-College-Applications-LP,Btech-2127-TI1,05 Getting a job,21-24,male,,1,1,0.14,Btech
MAY28-2024-HSBI Targeting-College-Applications-LP,Bcom-2127-TI1,07 College Campus,21-24,male,6,1229,1730,211.67,Bcom
MAY28-2024-HSBI Targeting-College-Applications-LP,Bcom-2127-TI1,07 College Campus,21-24,unknown,,2,2,0.11,Bcom
MAY28-2024-HSBI Targeting-College-Applications-LP,Bcom-2127-TI1,07 College Campus,25-27,unknown,,2,2,0.11,Bcom
MAY28-2024-HSBI Targeting-College-Applications-LP,Bcom-2127-TI1,07 College Campus,25-27,female,,97,125,16.49,Bcom
MAY28-2024-HSBI Targeting-College-Applications-LP,Bcom-2127-TI1,07 College Campus,25-27,male,,284,385,53.78,Bcom
MAY28-2024-HSBI Targeting-College-Applications-LP,Bcom-2127-TI1,06 10 Job Openings,21-24,female,3,1782,2072,189.54,Bcom
MAY28-2024-HSBI Targeting-College-Applications-LP,Bcom-2127-TI1,06 10 Job Openings,21-24,male,4,2408,2964,288.87,Bcom
MAY28-2024-HSBI Targeting-College-Applications-LP,Bcom-2127-TI1,07 College Campus,21-24,female,1,596,751,75.48,Bcom
MAY28-2024-HSBI Targeting-College-Applications-LP,Bcom-2127-TI1,06 10 Job Openings,21-24,unknown,,3,3,0.19,Bcom
MAY28-2024-HSBI Targeting-College-Applications-LP,Btech-2127-TI1,06 10 Job Openings,21-24,male,3,187,202,24,Btech
MAY28-2024-HSBI Targeting-College-Applications-LP,Bcom-2127-TI1,06 10 Job Openings,25-27,female,,310,375,67.05,Bcom
MAY28-2024-HSBI Targeting-College-Applications-LP,Btech-2127-TI1,06 10 Job Openings,21-24,female,,71,78,6.4,Btech
MAY28-2024-HSBI Targeting-College-Applications-LP,Btech-2127-TI1,06 10 Job Openings,25-27,female,,19,19,5.6,Btech
MAY28-2024-HSBI Targeting-College-Applications-LP,Btech-2127-TI1,06 10 Job Openings,25-27,male,,66,68,12.96,Btech
MAY28-2024-HSBI Targeting-College-Applications-LP,BBA-2127-TI1,05 Getting a job,21-24,male,,24,28,5.05,BBA
MAY28-2024-HSBI Targeting-College-Applications-LP,BBA-2127-TI1,05 Getting a job,25-27,male,,19,22,3.46,BBA
MAY28-2024-HSBI Targeting-College-Applications-LP,BBA-2127-TI1,05 Getting a job,25-27,female,,7,9,3.21,BBA
MAY28-2024-HSBI Targeting-College-Applications-LP,BBA-2127-TI1,07 College Campus,21-24,unknown,,1,1,0.01,BBA
MAY28-2024-HSBI Targeting-College-Applications-LP,BBA-2127-TI1,06 10 Job Openings,21-24,male,2,1523,1982,222.27,BBA
MAY28-2024-HSBI Targeting-College-Applications-LP,BBA-2127-TI1,07 College Campus,25-27,male,,312,423,68.77,BBA
MAY28-2024-HSBI Targeting-College-Applications-LP,BBA-2127-TI1,07 College Campus,25-27,female,,94,115,25.4,BBA
MAY28-2024-HSBI Targeting-College-Applications-LP,BBA-2127-TI1,07 College Campus,21-24,male,,623,825,133.55,BBA
MAY28-2024-HSBI Targeting-College-Applications-LP,Bcom-2127-TI1,05 Getting a job,25-27,female,,13,25,3.04,Bcom
MAY28-2024-HSBI Targeting-College-Applications-LP,Bcom-2127-TI1,05 Getting a job,21-24,female,,26,41,7.68,Bcom
MAY28-2024-HSBI Targeting-College-Applications-LP,Bcom-2127-TI1,05 Getting a job,25-27,male,,32,39,12.55,Bcom
MAY28-2024-HSBI Targeting-College-Applications-LP,Bcom-2127-TI1,05 Getting a job,21-24,male,,79,99,19.51,Bcom
MAY28-2024-HSBI Targeting-College-Applications-LP,Btech-2127-TI1,07 College Campus,21-24,female,4,966,1237,182.45,Btech
MAY28-2024-HSBI Targeting-College-Applications-LP,BBA-2127-TI1,06 10 Job Openings,25-27,male,5,1107,1409,237.24,BBA
MAY28-2024-HSBI Targeting-College-Applications-LP,BBA-2127-TI1,06 10 Job Openings,25-27,unknown,,1,2,0.26,BBA
MAY28-2024-HSBI Targeting-College-Applications-LP,BBA-2127-TI1,06 10 Job Openings,25-27,female,,328,410,84,BBA
MAY28-2024-HSBI Targeting-College-Applications-LP,BBA-2127-TI1,06 10 Job Openings,21-24,female,,413,532,76.94,BBA
MAY28-2024-HSBI Targeting-College-Applications-LP,Btech-2127-TI1,07 College Campus,21-24,male,3,2171,3050,437.12,Btech
MAY28-2024-HSBI Targeting-College-Applications-LP,Btech-2127-TI1,07 College Campus,25-27,female,2,193,228,42.08,Btech
MAY28-2024-HSBI Targeting-College-Applications-LP,Btech-2127-TI1,07 College Campus,25-27,male,1,661,911,111.99,Btech
MAY28-2024-HSBI Targeting-College-Applications-LP,Btech-2127-TI1,07 College Campus,25-27,unknown,,2,6,0.32,Btech
MAY28-2024-HSBI Targeting-College-Applications-LP,Btech-2127-TI1,07 College Campus,21-24,unknown,,6,7,1.37,Btech
MAY28-2024-HSBI Targeting-College-Applications-LP,Btech-2127-TI1,05 Getting a job,21-24,female,,19,21,8.29,Btech
MAY28-2024-HSBI Targeting-College-Applications-LP,BBA-2127-TI1,07 College Campus,21-24,female,1,152,194,37.79,BBA
MAY28-2024-HSBI Targeting-College-Applications-LP,BBA-2127-TI1,05 Getting a job,21-24,female,,28,41,6.39,BBA
MAY28-2024-HSBI Targeting-College-Applications-LP,Btech-2127-TI1,05 Getting a job,21-24,male,,51,61,14.84,Btech
MAY28-2024-HSBI Targeting-College-Applications-LP,Bcom-2127-TI1,06 10 Job Openings,25-27,unknown,,3,3,0.5,Bcom
MAY28-2024-HSBI Targeting-College-Applications-LP,Btech-2127-TI1,05 Getting a job,25-27,male,,26,35,8.03,Btech
MAY28-2024-HSBI Targeting-College-Applications-LP,Bcom-2127-TI1,07 College Campus,21-24,female,1,433,559,100.48,Bcom
MAY28-2024-HSBI Targeting-College-Applications-LP,Bcom-2127-TI1,07 College Campus,21-24,male,1,1181,1616,250.45,Bcom
MAY28-2024-HSBI Targeting-College-Applications-LP,Bcom-2127-TI1,07 College Campus,25-27,male,1,387,557,66.78,Bcom
MAY28-2024-HSBI Targeting-College-Applications-LP,Bcom-2127-TI1,07 College Campus,21-24,unknown,,3,3,0.81,Bcom
MAY28-2024-HSBI Targeting-College-Applications-LP,Bcom-2127-TI1,07 College Campus,25-27,female,,102,134,29.11,Bcom
MAY28-2024-HSBI Targeting-College-Applications-LP,Bcom-2127-TI1,06 10 Job Openings,21-24,female,3,1238,1404,152.61,Bcom
MAY28-2024-HSBI Targeting-College-Applications-LP,Bcom-2127-TI1,06 10 Job Openings,25-27,male,1,498,606,106.22,Bcom
MAY28-2024-HSBI Targeting-College-Applications-LP,Bcom-2127-TI1,06 10 Job Openings,21-24,unknown,,3,4,1.35,Bcom
MAY28-2024-HSBI Targeting-College-Applications-LP,Bcom-2127-TI1,06 10 Job Openings,21-24,male,2,1655,1935,206.76,Bcom
MAY28-2024-HSBI Targeting-College-Applications-LP,Bcom-2127-TI1,06 10 Job Openings,25-27,female,,236,272,45.25,Bcom
MAY28-2024-HSBI Targeting-College-Applications-LP,Btech-2127-TI1,06 10 Job Openings,25-27,female,,78,79,14.34,Btech
MAY28-2024-HSBI Targeting-College-Applications-LP,Btech-2127-TI1,05 Getting a job,25-27,female,,5,7,0.37,Btech
MAY28-2024-HSBI Targeting-College-Applications-LP,BBA-2127-TI1,05 Getting a job,25-27,female,1,37,61,18.36,BBA
MAY28-2024-HSBI Targeting-College-Applications-LP,Btech-2127-TI1,06 10 Job Openings,21-24,female,,407,440,60.98,Btech
MAY28-2024-HSBI Targeting-College-Applications-LP,Btech-2127-TI1,06 10 Job Openings,25-27,male,,156,171,49,Btech
MAY28-2024-HSBI Targeting-College-Applications-LP,Btech-2127-TI1,06 10 Job Openings,21-24,male,2,604,683,81.81,Btech
MAY28-2024-HSBI Targeting-College-Applications-LP,BBA-2127-TI1,05 Getting a job,21-24,male,,147,226,56.2,BBA
MAY28-2024-HSBI Targeting-College-Applications-LP,BBA-2127-TI1,05 Getting a job,25-27,male,,100,136,37.15,BBA
MAY28-2024-HSBI Targeting-College-Applications-LP,Bcom-2127-TI1,05 Getting a job,21-24,male,,23,32,9.88,Bcom
MAY28-2024-HSBI Targeting-College-Applications-LP,BBA-2127-TI1,07 College Campus,21-24,male,1,656,841,140.53,BBA
MAY28-2024-HSBI Targeting-College-Applications-LP,BBA-2127-TI1,07 College Campus,25-27,male,3,341,435,99.65,BBA
MAY28-2024-HSBI Targeting-College-Applications-LP,BBA-2127-TI1,07 College Campus,25-27,unknown,,2,2,3.68,BBA
MAY28-2024-HSBI Targeting-College-Applications-LP,BBA-2127-TI1,07 College Campus,21-24,unknown,,1,1,0.01,BBA
MAY28-2024-HSBI Targeting-College-Applications-LP,BBA-2127-TI1,07 College Campus,25-27,female,,92,119,26.57,BBA
MAY28-2024-HSBI Targeting-College-Applications-LP,BBA-2127-TI1,07 College Campus,21-24,female,,137,178,28.44,BBA
MAY28-2024-HSBI Targeting-College-Applications-LP,Bcom-2127-TI1,05 Getting a job,21-24,female,1,12,13,2.55,Bcom
MAY28-2024-HSBI Targeting-College-Applications-LP,Bcom-2127-TI1,05 Getting a job,25-27,male,,12,12,3.06,Bcom
MAY28-2024-HSBI Targeting-College-Applications-LP,Bcom-2127-TI1,05 Getting a job,25-27,female,,3,4,1.21,Bcom
MAY28-2024-HSBI Targeting-College-Applications-LP,Btech-2127-TI1,07 College Campus,25-27,unknown,,2,6,0.15,Btech
MAY28-2024-HSBI Targeting-College-Applications-LP,BBA-2127-TI1,06 10 Job Openings,21-24,male,6,1995,2512,279.09,BBA
MAY28-2024-HSBI Targeting-College-Applications-LP,BBA-2127-TI1,06 10 Job Openings,25-27,male,2,1374,1696,252.14,BBA
MAY28-2024-HSBI Targeting-College-Applications-LP,BBA-2127-TI1,06 10 Job Openings,21-24,unknown,,3,4,1.5,BBA
MAY28-2024-HSBI Targeting-College-Applications-LP,BBA-2127-TI1,06 10 Job Openings,25-27,female,,446,516,105.01,BBA
MAY28-2024-HSBI Targeting-College-Applications-LP,BBA-2127-TI1,06 10 Job Openings,21-24,female,,511,609,68.63,BBA
MAY28-2024-HSBI Targeting-College-Applications-LP,Btech-2127-TI1,07 College Campus,21-24,female,1,1534,1942,232.44,Btech
MAY28-2024-HSBI Targeting-College-Applications-LP,Btech-2127-TI1,07 College Campus,21-24,male,6,2862,4037,459.22,Btech
MAY28-2024-HSBI Targeting-College-Applications-LP,Btech-2127-TI1,07 College Campus,25-27,male,3,770,1066,119.9,Btech
MAY28-2024-HSBI Targeting-College-Applications-LP,Btech-2127-TI1,07 College Campus,21-24,unknown,,6,6,0.27,Btech
MAY28-2024-HSBI Targeting-College-Applications-LP,Btech-2127-TI1,05 Getting a job,25-27,male,,11,15,3.63,Btech
MAY28-2024-HSBI Targeting-College-Applications-LP,Btech-2127-TI1,07 College Campus,25-27,female,,318,401,58,Btech
MAY28-2024-HSBI Targeting-College-Applications-LP,Btech-2127-TI1,05 Getting a job,21-24,female,,5,5,1.39,Btech
MAY28-2024-HSBI Targeting-College-Applications-LP,Btech-2127-TI1,06 10 Job Openings,25-27,male,,141,160,25.74,Btech
MAY28-2024-HSBI Targeting-College-Applications-LP,Btech-2127-TI1,05 Getting a job,25-27,female,,1,1,0.06,Btech
MAY28-2024-HSBI Targeting-College-Applications-LP,Bcom-2127-TI1,06 10 Job Openings,21-24,unknown,,10,12,1.29,Bcom
MAY28-2024-HSBI Targeting-College-Applications-LP,Bcom-2127-TI1,07 College Campus,21-24,female,1,379,459,63.19,Bcom
MAY28-2024-HSBI Targeting-College-Applications-LP,Bcom-2127-TI1,07 College Campus,21-24,male,1,890,1184,150.96,Bcom
MAY28-2024-HSBI Targeting-College-Applications-LP,Btech-2127-TI1,05 Getting a job,21-24,male,,16,19,4.76,Btech
MAY28-2024-HSBI Targeting-College-Applications-LP,Bcom-2127-TI1,07 College Campus,21-24,unknown,,3,3,0.83,Bcom
MAY28-2024-HSBI Targeting-College-Applications-LP,Bcom-2127-TI1,07 College Campus,25-27,female,,69,99,14.81,Bcom
MAY28-2024-HSBI Targeting-College-Applications-LP,Bcom-2127-TI1,07 College Campus,25-27,male,,261,346,33.98,Bcom
MAY28-2024-HSBI Targeting-College-Applications-LP,Bcom-2127-TI1,06 10 Job Openings,21-24,male,7,2676,3044,309.04,Bcom
MAY28-2024-HSBI Targeting-College-Applications-LP,Bcom-2127-TI1,06 10 Job Openings,25-27,female,2,360,418,68.24,Bcom
MAY28-2024-HSBI Targeting-College-Applications-LP,Bcom-2127-TI1,06 10 Job Openings,25-27,male,2,810,951,140.16,Bcom
MAY28-2024-HSBI Targeting-College-Applications-LP,Bcom-2127-TI1,07 College Campus,25-27,unknown,,1,1,0.22,Bcom
MAY28-2024-HSBI Targeting-College-Applications-LP,Bcom-2127-TI1,06 10 Job Openings,21-24,female,,1830,2031,215.81,Bcom
MAY28-2024-HSBI Targeting-College-Applications-LP,Btech-2127-TI1,06 10 Job Openings,25-27,unknown,,1,1,0.01,Btech
MAY28-2024-HSBI Targeting-College-Applications-LP,Bcom-2127-TI1,06 10 Job Openings,25-27,unknown,,0,1,0.12,Bcom
MAY28-2024-HSBI Targeting-College-Applications-LP,Btech-2127-TI1,06 10 Job Openings,21-24,male,,475,544,52.71,Btech
MAY28-2024-HSBI Targeting-College-Applications-LP,Btech-2127-TI1,06 10 Job Openings,25-27,female,,66,73,11.72,Btech
MAY28-2024-HSBI Targeting-College-Applications-LP,Btech-2127-TI1,06 10 Job Openings,21-24,female,,322,352,34.32,Btech
MAY28-2024-HSBI Targeting-College-Applications-LP,Btech-2127-TI1,06 10 Job Openings,21-24,unknown,,1,1,0.06,Btech
MAY28-2024-HSBI Targeting-College-Applications-LP,BBA-2127-TI1,05 Getting a job,21-24,male,,2,2,0.1,BBA
MAY28-2024-HSBI Targeting-College-Applications-LP,BBA-2127-TI1,05 Getting a job,21-24,female,,1,1,0.16,BBA
MAY28-2024-HSBI Targeting-College-Applications-LP,BBA-2127-TI1,05 Getting a job,25-27,male,,1,1,0.08,BBA
MAY28-2024-HSBI Targeting-College-Applications-LP,BBA-2127-TI1,06 10 Job Openings,21-24,unknown,,1,1,0.19,BBA
MAY28-2024-HSBI Targeting-College-Applications-LP,BBA-2127-TI1,07 College Campus,25-27,female,,96,120,29.16,BBA
MAY28-2024-HSBI Targeting-College-Applications-LP,BBA-2127-TI1,07 College Campus,21-24,female,,127,154,31.37,BBA
MAY28-2024-HSBI Targeting-College-Applications-LP,BBA-2127-TI1,06 10 Job Openings,21-24,male,1,2774,3373,331.73,BBA
MAY28-2024-HSBI Targeting-College-Applications-LP,BBA-2127-TI1,06 10 Job Openings,25-27,female,2,580,686,116.9,BBA
MAY28-2024-HSBI Targeting-College-Applications-LP,BBA-2127-TI1,06 10 Job Openings,25-27,male,6,1922,2174,320.43,BBA
MAY28-2024-HSBI Targeting-College-Applications-LP,BBA-2127-TI1,06 10 Job Openings,25-27,unknown,,1,1,0,BBA
MAY28-2024-HSBI Targeting-College-Applications-LP,Btech-2127-TI1,07 College Campus,21-24,unknown,,4,4,0.49,Btech
MAY28-2024-HSBI Targeting-College-Applications-LP,BBA-2127-TI1,06 10 Job Openings,21-24,female,,680,784,89.02,BBA
MAY28-2024-HSBI Targeting-College-Applications-LP,Btech-2127-TI1,07 College Campus,21-24,female,1,1372,1757,204.66,Btech
MAY28-2024-HSBI Targeting-College-Applications-LP,Btech-2127-TI1,07 College Campus,21-24,male,7,2616,3386,358.38,Btech
MAY28-2024-HSBI Targeting-College-Applications-LP,Btech-2127-TI1,07 College Campus,25-27,male,1,752,928,132.35,Btech
MAY28-2024-HSBI Targeting-College-Applications-LP,Btech-2127-TI1,07 College Campus,25-27,unknown,,2,2,0.08,Btech
MAY28-2024-HSBI Targeting-College-Applications-LP,Btech-2127-TI1,07 College Campus,25-27,female,,268,341,53.53,Btech
MAY28-2024-HSBI Targeting-College-Applications-LP,BBA-2127-TI1,07 College Campus,25-27,male,3,307,392,73.66,BBA
MAY28-2024-HSBI Targeting-College-Applications-LP,BBA-2127-TI1,07 College Campus,25-27,unknown,,1,1,0.07,BBA
MAY28-2024-HSBI Targeting-College-Applications-LP,BBA-2127-TI1,07 College Campus,21-24,male,2,556,731,109.46,BBA
MAY28-2024-HSBI Targeting-College-Applications-LP,Btech-2127-TI1,06 10 Job Openings,21-24,female,,759,803,89.56,Btech
MAY28-2024-HSBI Targeting-College-Applications-LP,Bcom-2127-TI1,06 10 Job Openings,25-27,male,3,1156,1248,170.65,Bcom
MAY28-2024-HSBI Targeting-College-Applications-LP,Bcom-2127-TI1,07 College Campus,21-24,male,1,563,739,84.57,Bcom
MAY28-2024-HSBI Targeting-College-Applications-LP,Bcom-2127-TI1,07 College Campus,21-24,unknown,,2,2,0.07,Bcom
MAY28-2024-HSBI Targeting-College-Applications-LP,Bcom-2127-TI1,07 College Campus,21-24,female,,229,279,42.72,Bcom
MAY28-2024-HSBI Targeting-College-Applications-LP,Bcom-2127-TI1,07 College Campus,25-27,male,,171,226,23.7,Bcom
MAY28-2024-HSBI Targeting-College-Applications-LP,Bcom-2127-TI1,06 10 Job Openings,21-24,female,4,2580,2919,294.06,Bcom
MAY28-2024-HSBI Targeting-College-Applications-LP,Bcom-2127-TI1,06 10 Job Openings,21-24,male,2,3700,4235,373.84,Bcom
MAY28-2024-HSBI Targeting-College-Applications-LP,Bcom-2127-TI1,07 College Campus,25-27,female,,44,51,14,Bcom
MAY28-2024-HSBI Targeting-College-Applications-LP,Bcom-2127-TI1,06 10 Job Openings,25-27,unknown,,1,1,0,Bcom
MAY28-2024-HSBI Targeting-College-Applications-LP,Btech-2127-TI1,06 10 Job Openings,21-24,unknown,,2,2,0.05,Btech
MAY28-2024-HSBI Targeting-College-Applications-LP,Bcom-2127-TI1,06 10 Job Openings,21-24,unknown,,6,6,0.67,Bcom
MAY28-2024-HSBI Targeting-College-Applications-LP,Btech-2127-TI1,06 10 Job Openings,25-27,female,,161,168,28.08,Btech
MAY28-2024-HSBI Targeting-College-Applications-LP,Btech-2127-TI1,06 10 Job Openings,25-27,male,,311,328,42.46,Btech
MAY28-2024-HSBI Targeting-College-Applications-LP,Btech-2127-TI1,06 10 Job Openings,21-24,male,1,1170,1248,107.05,Btech
MAY28-2024-HSBI Targeting-College-Applications-LP,BBA-2127-TI1,05 Getting a job,21-24,male,,3,4,0.23,BBA
MAY28-2024-HSBI Targeting-College-Applications-LP,Bcom-2127-TI1,06 10 Job Openings,25-27,female,,520,580,93.01,Bcom
MAY28-2024-HSBI Targeting-College-Applications-LP,BBA-2127-TI1,06 10 Job Openings,21-24,female,1,577,679,75.69,BBA
MAY28-2024-HSBI Targeting-College-Applications-LP,BBA-2127-TI1,07 College Campus,21-24,male,3,687,911,207.18,BBA
MAY28-2024-HSBI Targeting-College-Applications-LP,BBA-2127-TI1,07 College Campus,25-27,male,3,371,496,137.86,BBA
MAY28-2024-HSBI Targeting-College-Applications-LP,BBA-2127-TI1,07 College Campus,21-24,unknown,,2,2,0.03,BBA
MAY28-2024-HSBI Targeting-College-Applications-LP,BBA-2127-TI1,07 College Campus,25-27,female,,111,150,39.97,BBA
MAY28-2024-HSBI Targeting-College-Applications-LP,Bcom-2127-TI1,05 Getting a job,25-27,female,,5,5,0.44,Bcom
MAY28-2024-HSBI Targeting-College-Applications-LP,Bcom-2127-TI1,05 Getting a job,21-24,female,,24,34,6.26,Bcom
MAY28-2024-HSBI Targeting-College-Applications-LP,Bcom-2127-TI1,05 Getting a job,25-27,male,,15,16,4.35,Bcom
MAY28-2024-HSBI Targeting-College-Applications-LP,Bcom-2127-TI1,05 Getting a job,21-24,male,,73,91,25.19,Bcom
MAY28-2024-HSBI Targeting-College-Applications-LP,Btech-2127-TI1,07 College Campus,25-27,unknown,,2,2,0.05,Btech
MAY28-2024-HSBI Targeting-College-Applications-LP,BBA-2127-TI1,06 10 Job Openings,21-24,male,2,2008,2426,250.04,BBA
MAY28-2024-HSBI Targeting-College-Applications-LP,BBA-2127-TI1,06 10 Job Openings,25-27,female,1,424,522,92.95,BBA
MAY28-2024-HSBI Targeting-College-Applications-LP,BBA-2127-TI1,06 10 Job Openings,25-27,male,1,1157,1350,198.33,BBA
MAY28-2024-HSBI Targeting-College-Applications-LP,BBA-2127-TI1,06 10 Job Openings,21-24,unknown,,2,2,0.13,BBA
MAY28-2024-HSBI Targeting-College-Applications-LP,Btech-2127-TI1,07 College Campus,21-24,female,2,1006,1271,187.81,Btech
MAY28-2024-HSBI Targeting-College-Applications-LP,Btech-2127-TI1,07 College Campus,21-24,male,1,1878,2635,463.33,Btech
MAY28-2024-HSBI Targeting-College-Applications-LP,Btech-2127-TI1,07 College Campus,25-27,female,1,183,231,43.99,Btech
MAY28-2024-HSBI Targeting-College-Applications-LP,Btech-2127-TI1,07 College Campus,25-27,male,2,445,603,119.65,Btech
MAY28-2024-HSBI Targeting-College-Applications-LP,Btech-2127-TI1,05 Getting a job,21-24,female,,2,2,0.03,Btech
MAY28-2024-HSBI Targeting-College-Applications-LP,Btech-2127-TI1,07 College Campus,21-24,unknown,,2,3,1.46,Btech
MAY28-2024-HSBI Targeting-College-Applications-LP,BBA-2127-TI1,07 College Campus,21-24,female,1,171,243,53.68,BBA
MAY28-2024-HSBI Targeting-College-Applications-LP,Btech-2127-TI1,05 Getting a job,21-24,male,,4,4,1.16,Btech
MAY28-2024-HSBI Targeting-College-Applications-LP,Bcom-2127-TI1,07 College Campus,21-24,male,5,1010,1366,195.74,Bcom
MAY28-2024-HSBI Targeting-College-Applications-LP,Bcom-2127-TI1,06 10 Job Openings,21-24,unknown,,2,4,0.18,Bcom
MAY28-2024-HSBI Targeting-College-Applications-LP,Bcom-2127-TI1,07 College Campus,21-24,female,1,440,545,82.96,Bcom
MAY28-2024-HSBI Targeting-College-Applications-LP,Btech-2127-TI1,05 Getting a job,25-27,male,,1,1,0.07,Btech
MAY28-2024-HSBI Targeting-College-Applications-LP,Bcom-2127-TI1,07 College Campus,25-27,male,1,232,327,43.69,Bcom
MAY28-2024-HSBI Targeting-College-Applications-LP,Bcom-2127-TI1,07 College Campus,21-24,unknown,,2,6,0.49,Bcom
MAY28-2024-HSBI Targeting-College-Applications-LP,Bcom-2127-TI1,07 College Campus,25-27,female,,74,103,19.61,Bcom
MAY28-2024-HSBI Targeting-College-Applications-LP,Bcom-2127-TI1,07 College Campus,25-27,unknown,,1,1,0.04,Bcom
MAY28-2024-HSBI Targeting-College-Applications-LP,Bcom-2127-TI1,06 10 Job Openings,21-24,female,1,2212,2472,272.61,Bcom
MAY28-2024-HSBI Targeting-College-Applications-LP,Bcom-2127-TI1,06 10 Job Openings,25-27,female,1,380,417,67.37,Bcom
MAY28-2024-HSBI Targeting-College-Applications-LP,Bcom-2127-TI1,06 10 Job Openings,21-24,male,2,2436,2826,280.86,Bcom
MAY28-2024-HSBI Targeting-College-Applications-LP,Bcom-2127-TI1,06 10 Job Openings,25-27,male,,630,711,106.12,Bcom
MAY28-2024-HSBI Targeting-College-Applications-LP,Btech-2127-TI1,06 10 Job Openings,25-27,female,1,105,110,18.11,Btech
MAY28-2024-HSBI Targeting-College-Applications-LP,Btech-2127-TI1,05 Getting a job,25-27,female,,1,1,0.31,Btech
MAY28-2024-HSBI Targeting-College-Applications-LP,BBA-2127-TI1,05 Getting a job,25-27,female,,20,34,5.44,BBA
MAY28-2024-HSBI Targeting-College-Applications-LP,Btech-2127-TI1,06 10 Job Openings,25-27,male,,191,201,36.75,Btech
MAY28-2024-HSBI Targeting-College-Applications-LP,Btech-2127-TI1,06 10 Job Openings,21-24,male,,844,905,83.33,Btech
MAY28-2024-HSBI Targeting-College-Applications-LP,Btech-2127-TI1,06 10 Job Openings,21-24,female,1,627,664,76.54,Btech
MAY28-2024-HSBI Targeting-College-Applications-LP,BBA-2127-TI1,05 Getting a job,25-27,male,,59,92,15.28,BBA
MAY28-2024-HSBI Targeting-College-Applications-LP,BBA-2127-TI1,05 Getting a job,21-24,male,,94,140,30.76,BBA
MAY28-2024-HSBI Targeting-College-Applications-LP,BBA-2127-TI1,05 Getting a job,21-24,female,,15,18,2.69,BBA
MAY28-2024-HSBI Targeting-College-Applications-LP,Bcom-2127-TI1,05 Getting a job,25-27,female,,4,4,1.57,Bcom
MAY28-2024-HSBI Targeting-College-Applications-LP,Btech-2127-TI1,05 Getting a job,21-24,male,,68,98,23.81,Btech
MAY28-2024-HSBI Targeting-College-Applications-LP,BBA-2127-TI1,07 College Campus,25-27,female,1,96,120,52.41,BBA
MAY28-2024-HSBI Targeting-College-Applications-LP,BBA-2127-TI1,07 College Campus,25-27,male,1,290,391,137.55,BBA
MAY28-2024-HSBI Targeting-College-Applications-LP,BBA-2127-TI1,07 College Campus,21-24,unknown,,1,1,0.15,BBA
MAY28-2024-HSBI Targeting-College-Applications-LP,BBA-2127-TI1,07 College Campus,21-24,female,,124,168,62.89,BBA
MAY28-2024-HSBI Targeting-College-Applications-LP,BBA-2127-TI1,07 College Campus,21-24,male,,565,716,280.25,BBA
MAY28-2024-HSBI Targeting-College-Applications-LP,Bcom-2127-TI1,05 Getting a job,21-24,male,1,85,126,80.17,Bcom
MAY28-2024-HSBI Targeting-College-Applications-LP,Btech-2127-TI1,05 Getting a job,25-27,male,,17,19,5.2,Btech
MAY28-2024-HSBI Targeting-College-Applications-LP,Bcom-2127-TI1,05 Getting a job,21-24,female,,22,26,7.17,Bcom
MAY28-2024-HSBI Targeting-College-Applications-LP,Bcom-2127-TI1,05 Getting a job,25-27,male,,12,16,7.07,Bcom
MAY28-2024-HSBI Targeting-College-Applications-LP,BBA-2127-TI1,06 10 Job Openings,25-27,female,1,138,157,30.84,BBA
MAY28-2024-HSBI Targeting-College-Applications-LP,BBA-2127-TI1,06 10 Job Openings,25-27,male,1,346,385,72.69,BBA
MAY28-2024-HSBI Targeting-College-Applications-LP,BBA-2127-TI1,06 10 Job Openings,21-24,male,,628,716,92.83,BBA
MAY28-2024-HSBI Targeting-College-Applications-LP,Btech-2127-TI1,07 College Campus,21-24,male,3,761,1095,463.33,Btech
MAY28-2024-HSBI Targeting-College-Applications-LP,Btech-2127-TI1,07 College Campus,25-27,female,,73,109,187.97,Btech
MAY28-2024-HSBI Targeting-College-Applications-LP,Btech-2127-TI1,07 College Campus,25-27,male,,194,300,152.39,Btech
MAY28-2024-HSBI Targeting-College-Applications-LP,Btech-2127-TI1,07 College Campus,21-24,female,,343,441,104.3,Btech
MAY28-2024-HSBI Targeting-College-Applications-LP,Btech-2127-TI1,05 Getting a job,21-24,female,,23,24,5.51,Btech
MAY28-2024-HSBI Targeting-College-Applications-LP,BBA-2127-TI1,06 10 Job Openings,21-24,female,,202,227,35.72,BBA
MAY28-2024-HSBI Targeting-College-Applications-LP,Btech-2127-TI1,05 Getting a job,25-27,female,,5,5,1.74,Btech
MAY28-2024-HSBI Targeting-College-Applications-LP,Bcom-2127-TI1,06 10 Job Openings,25-27,unknown,,1,3,0.15,Bcom
MAY28-2024-HSBI Targeting-College-Applications-LP,Btech-2127-TI1,06 10 Job Openings,21-24,female,,524,564,84.18,Btech
MAY28-2024-HSBI Targeting-College-Applications-LP,Bcom-2127-TI1,07 College Campus,25-27,female,2,68,116,55.04,Bcom
MAY28-2024-HSBI Targeting-College-Applications-LP,Bcom-2127-TI1,07 College Campus,25-27,male,,186,251,53.06,Bcom
MAY28-2024-HSBI Targeting-College-Applications-LP,Bcom-2127-TI1,07 College Campus,21-24,female,,285,337,88.27,Bcom
MAY28-2024-HSBI Targeting-College-Applications-LP,Bcom-2127-TI1,06 10 Job Openings,21-24,female,2,1171,1294,171.47,Bcom
MAY28-2024-HSBI Targeting-College-Applications-LP,Bcom-2127-TI1,06 10 Job Openings,21-24,male,3,1892,2279,267.48,Bcom
MAY28-2024-HSBI Targeting-College-Applications-LP,Bcom-2127-TI1,06 10 Job Openings,25-27,male,1,716,874,143.69,Bcom
MAY28-2024-HSBI Targeting-College-Applications-LP,Bcom-2127-TI1,07 College Campus,21-24,male,3,685,905,183.55,Bcom
MAY28-2024-HSBI Targeting-College-Applications-LP,Bcom-2127-TI1,06 10 Job Openings,21-24,unknown,,2,2,0.12,Bcom
MAY28-2024-HSBI Targeting-College-Applications-LP,BBA-2127-TI1,05 Getting a job,25-27,male,1,218,294,104.98,BBA
MAY28-2024-HSBI Targeting-College-Applications-LP,BBA-2127-TI1,05 Getting a job,25-27,female,,56,88,32.87,BBA
MAY28-2024-HSBI Targeting-College-Applications-LP,BBA-2127-TI1,05 Getting a job,21-24,female,,72,108,41.98,BBA
MAY28-2024-HSBI Targeting-College-Applications-LP,BBA-2127-TI1,05 Getting a job,21-24,male,,320,462,181.15,BBA
MAY28-2024-HSBI Targeting-College-Applications-LP,Btech-2127-TI1,06 10 Job Openings,21-24,male,3,689,745,152.27,Btech
MAY28-2024-HSBI Targeting-College-Applications-LP,Btech-2127-TI1,06 10 Job Openings,25-27,female,,114,123,25.09,Btech
MAY28-2024-HSBI Targeting-College-Applications-LP,Btech-2127-TI1,06 10 Job Openings,25-27,male,,191,210,51.53,Btech
MAY28-2024-HSBI Targeting-College-Applications-LP,Bcom-2127-TI1,06 10 Job Openings,25-27,female,,214,245,48,Bcom
MAY28-2024-HSBI Targeting-College-Applications-LP,BBA-2127-TI1,07 College Campus,21-24,female,,260,309,47.27,BBA
MAY28-2024-HSBI Targeting-College-Applications-LP,Bcom-2127-TI1,05 Getting a job,25-27,male,,38,43,6.34,Bcom
MAY28-2024-HSBI Targeting-College-Applications-LP,BBA-2127-TI1,07 College Campus,21-24,male,1,895,1040,186.58,BBA
MAY28-2024-HSBI Targeting-College-Applications-LP,BBA-2127-TI1,07 College Campus,25-27,female,,147,171,20.77,BBA
MAY28-2024-HSBI Targeting-College-Applications-LP,BBA-2127-TI1,07 College Campus,21-24,unknown,,1,1,0,BBA
MAY28-2024-HSBI Targeting-College-Applications-LP,BBA-2127-TI1,07 College Campus,25-27,male,1,498,587,109.22,BBA
MAY28-2024-HSBI Targeting-College-Applications-LP,Bcom-2127-TI1,05 Getting a job,21-24,male,,89,107,43.34,Bcom
MAY28-2024-HSBI Targeting-College-Applications-LP,Btech-2127-TI1,05 Getting a job,21-24,male,,327,375,59.49,Btech
MAY28-2024-HSBI Targeting-College-Applications-LP,Bcom-2127-TI1,05 Getting a job,25-27,female,,9,9,1.61,Bcom
MAY28-2024-HSBI Targeting-College-Applications-LP,BBA-2127-TI1,06 10 Job Openings,21-24,female,,198,216,19.36,BBA
MAY28-2024-HSBI Targeting-College-Applications-LP,Bcom-2127-TI1,05 Getting a job,21-24,female,,48,55,11.4,Bcom
MAY28-2024-HSBI Targeting-College-Applications-LP,BBA-2127-TI1,06 10 Job Openings,25-27,female,,160,170,26.29,BBA
MAY28-2024-HSBI Targeting-College-Applications-LP,BBA-2127-TI1,06 10 Job Openings,21-24,male,,752,807,96.07,BBA
MAY28-2024-HSBI Targeting-College-Applications-LP,Btech-2127-TI1,07 College Campus,21-24,female,2,589,678,120.41,Btech
MAY28-2024-HSBI Targeting-College-Applications-LP,Btech-2127-TI1,07 College Campus,21-24,male,5,1014,1316,465.88,Btech
MAY28-2024-HSBI Targeting-College-Applications-LP,Btech-2127-TI1,07 College Campus,25-27,male,1,243,326,93.48,Btech
MAY28-2024-HSBI Targeting-College-Applications-LP,Btech-2127-TI1,07 College Campus,21-24,unknown,,2,5,0.08,Btech
MAY28-2024-HSBI Targeting-College-Applications-LP,Btech-2127-TI1,05 Getting a job,25-27,male,,104,114,22.25,Btech
MAY28-2024-HSBI Targeting-College-Applications-LP,Btech-2127-TI1,07 College Campus,25-27,female,,94,108,13.96,Btech
MAY28-2024-HSBI Targeting-College-Applications-LP,Btech-2127-TI1,05 Getting a job,21-24,female,,157,170,10.25,Btech
MAY28-2024-HSBI Targeting-College-Applications-LP,BBA-2127-TI1,06 10 Job Openings,25-27,male,,400,427,71.77,BBA
MAY28-2024-HSBI Targeting-College-Applications-LP,Btech-2127-TI1,05 Getting a job,25-27,female,,46,49,7.2,Btech
MAY28-2024-HSBI Targeting-College-Applications-LP,Bcom-2127-TI1,06 10 Job Openings,25-27,male,,540,599,98.01,Bcom
MAY28-2024-HSBI Targeting-College-Applications-LP,Btech-2127-TI1,06 10 Job Openings,25-27,female,,148,152,21.48,Btech
MAY28-2024-HSBI Targeting-College-Applications-LP,Bcom-2127-TI1,07 College Campus,25-27,female,1,80,101,17.9,Bcom
MAY28-2024-HSBI Targeting-College-Applications-LP,Bcom-2127-TI1,07 College Campus,21-24,unknown,,6,13,0.91,Bcom
MAY28-2024-HSBI Targeting-College-Applications-LP,Bcom-2127-TI1,07 College Campus,25-27,male,,234,281,44,Bcom
MAY28-2024-HSBI Targeting-College-Applications-LP,Bcom-2127-TI1,07 College Campus,21-24,female,,475,596,91.95,Bcom
MAY28-2024-HSBI Targeting-College-Applications-LP,Bcom-2127-TI1,06 10 Job Openings,21-24,female,1,2109,2139,209.77,Bcom
MAY28-2024-HSBI Targeting-College-Applications-LP,Bcom-2127-TI1,06 10 Job Openings,21-24,male,3,2117,2230,213.47,Bcom
MAY28-2024-HSBI Targeting-College-Applications-LP,Bcom-2127-TI1,06 10 Job Openings,25-27,female,,394,435,63.48,Bcom
MAY28-2024-HSBI Targeting-College-Applications-LP,Bcom-2127-TI1,07 College Campus,21-24,male,5,994,1348,334.2,Bcom
MAY28-2024-HSBI Targeting-College-Applications-LP,Bcom-2127-TI1,06 10 Job Openings,21-24,unknown,,0,4,2.39,Bcom
MAY28-2024-HSBI Targeting-College-Applications-LP,BBA-2127-TI1,05 Getting a job,21-24,male,1,1268,1459,282.51,BBA
MAY28-2024-HSBI Targeting-College-Applications-LP,BBA-2127-TI1,05 Getting a job,25-27,unknown,,2,3,0.51,BBA
MAY28-2024-HSBI Targeting-College-Applications-LP,BBA-2127-TI1,05 Getting a job,25-27,male,,894,1043,165.63,BBA
MAY28-2024-HSBI Targeting-College-Applications-LP,BBA-2127-TI1,05 Getting a job,25-27,female,,253,304,45.95,BBA
MAY28-2024-HSBI Targeting-College-Applications-LP,Btech-2127-TI1,06 10 Job Openings,21-24,female,1,928,977,81.2,Btech
MAY28-2024-HSBI Targeting-College-Applications-LP,Btech-2127-TI1,06 10 Job Openings,21-24,male,1,1062,1160,181.64,Btech
MAY28-2024-HSBI Targeting-College-Applications-LP,Btech-2127-TI1,06 10 Job Openings,25-27,male,,265,276,45.1,Btech
MAY28-2024-HSBI Targeting-College-Applications-LP,BBA-2127-TI1,05 Getting a job,21-24,female,1,342,392,41.43,BBA
MAY28-2024-HSBI Targeting-College-Applications-LP,BBA-2127-TI1,06 10 Job Openings,25-27,unknown,,1,2,0,BBA
MAY28-2024-HSBI Targeting-College-Applications-LP,Btech-2127-TI1,05 Getting a job,21-24,female,,2,2,2.11,Btech
MAY28-2024-HSBI Targeting-College-Applications-LP,BBA-2127-TI1,07 College Campus,21-24,female,,45,70,24.25,BBA
MAY28-2024-HSBI Targeting-College-Applications-LP,BBA-2127-TI1,07 College Campus,25-27,female,,41,49,20.43,BBA
MAY28-2024-HSBI Targeting-College-Applications-LP,BBA-2127-TI1,07 College Campus,25-27,male,,127,181,83.14,BBA
MAY28-2024-HSBI Targeting-College-Applications-LP,BBA-2127-TI1,07 College Campus,21-24,male,,281,443,134.89,BBA
MAY28-2024-HSBI Targeting-College-Applications-LP,BBA-2127-TI1,06 10 Job Openings,25-27,male,1,284,352,88.54,BBA
MAY28-2024-HSBI Targeting-College-Applications-LP,Btech-2127-TI1,07 College Campus,21-24,female,2,328,451,103.28,Btech
MAY28-2024-HSBI Targeting-College-Applications-LP,BBA-2127-TI1,06 10 Job Openings,21-24,unknown,,1,1,0.38,BBA
MAY28-2024-HSBI Targeting-College-Applications-LP,BBA-2127-TI1,06 10 Job Openings,21-24,female,,144,179,25.2,BBA
MAY28-2024-HSBI Targeting-College-Applications-LP,BBA-2127-TI1,06 10 Job Openings,25-27,female,,100,115,24.29,BBA
MAY28-2024-HSBI Targeting-College-Applications-LP,BBA-2127-TI1,06 10 Job Openings,21-24,male,,511,647,101.11,BBA
MAY28-2024-HSBI Targeting-College-Applications-LP,Btech-2127-TI1,07 College Campus,21-24,male,3,706,1141,297.67,Btech
MAY28-2024-HSBI Targeting-College-Applications-LP,Btech-2127-TI1,07 College Campus,21-24,unknown,,1,1,0.29,Btech
MAY28-2024-HSBI Targeting-College-Applications-LP,Btech-2127-TI1,07 College Campus,25-27,male,,206,299,38.37,Btech
MAY28-2024-HSBI Targeting-College-Applications-LP,Btech-2127-TI1,07 College Campus,25-27,female,,57,69,13.07,Btech
MAY28-2024-HSBI Targeting-College-Applications-LP,Btech-2127-TI1,05 Getting a job,25-27,male,,2,2,0.34,Btech
MAY28-2024-HSBI Targeting-College-Applications-LP,Btech-2127-TI1,05 Getting a job,21-24,male,,3,3,0.59,Btech
MAY28-2024-HSBI Targeting-College-Applications-LP,BBA-2127-TI1,05 Getting a job,21-24,male,,48,64,10.36,BBA
MAY28-2024-HSBI Targeting-College-Applications-LP,Btech-2127-TI1,06 10 Job Openings,25-27,male,,54,62,9.96,Btech
MAY28-2024-HSBI Targeting-College-Applications-LP,Bcom-2127-TI1,06 10 Job Openings,25-27,female,1,39,41,10.8,Bcom
MAY28-2024-HSBI Targeting-College-Applications-LP,Bcom-2127-TI1,07 College Campus,21-24,male,1,653,1100,284.41,Bcom
MAY28-2024-HSBI Targeting-College-Applications-LP,Bcom-2127-TI1,07 College Campus,21-24,unknown,,1,1,0.06,Bcom
MAY28-2024-HSBI Targeting-College-Applications-LP,Btech-2127-TI1,06 10 Job Openings,21-24,female,,177,199,27.28,Btech
MAY28-2024-HSBI Targeting-College-Applications-LP,Bcom-2127-TI1,07 College Campus,21-24,female,,216,321,55.41,Bcom
MAY28-2024-HSBI Targeting-College-Applications-LP,Bcom-2127-TI1,07 College Campus,25-27,male,,139,216,25.07,Bcom
MAY28-2024-HSBI Targeting-College-Applications-LP,Bcom-2127-TI1,06 10 Job Openings,21-24,male,2,352,421,86.99,Bcom
MAY28-2024-HSBI Targeting-College-Applications-LP,Bcom-2127-TI1,07 College Campus,25-27,female,,41,53,5.32,Bcom
MAY28-2024-HSBI Targeting-College-Applications-LP,Bcom-2127-TI1,06 10 Job Openings,21-24,unknown,,1,1,0.16,Bcom
MAY28-2024-HSBI Targeting-College-Applications-LP,Bcom-2127-TI1,06 10 Job Openings,21-24,female,,252,276,41.85,Bcom
MAY28-2024-HSBI Targeting-College-Applications-LP,BBA-2127-TI1,05 Getting a job,25-27,male,1,39,48,14.11,BBA
MAY28-2024-HSBI Targeting-College-Applications-LP,BBA-2127-TI1,05 Getting a job,21-24,female,,8,10,1.4,BBA
MAY28-2024-HSBI Targeting-College-Applications-LP,BBA-2127-TI1,05 Getting a job,25-27,female,,3,3,0.97,BBA
MAY28-2024-HSBI Targeting-College-Applications-LP,Btech-2127-TI1,06 10 Job Openings,21-24,male,1,259,290,59.24,Btech
MAY28-2024-HSBI Targeting-College-Applications-LP,Btech-2127-TI1,06 10 Job Openings,25-27,female,,27,32,5.57,Btech
MAY28-2024-HSBI Targeting-College-Applications-LP,Bcom-2127-TI1,06 10 Job Openings,25-27,male,,64,76,14.72,Bcom
MAY28-2024-HSBI Targeting-College-Applications-LP,Bcom-2127-TI1,07 College Campus,25-27,male,,293,404,79.14,Bcom
MAY28-2024-HSBI Targeting-College-Applications-LP,Bcom-2127-TI1,06 10 Job Openings,21-24,female,,1007,1075,96.47,Bcom
MAY28-2024-HSBI Targeting-College-Applications-LP,Bcom-2127-TI1,06 10 Job Openings,21-24,unknown,,4,11,0.69,Bcom
MAY28-2024-HSBI Targeting-College-Applications-LP,Bcom-2127-TI1,06 10 Job Openings,25-27,male,1,272,295,51.67,Bcom
MAY28-2024-HSBI Targeting-College-Applications-LP,Bcom-2127-TI1,06 10 Job Openings,25-27,female,1,169,197,31.46,Bcom
MAY28-2024-HSBI Targeting-College-Applications-LP,Bcom-2127-TI1,07 College Campus,21-24,male,3,1271,1913,436.01,Bcom
MAY28-2024-HSBI Targeting-College-Applications-LP,Bcom-2127-TI1,07 College Campus,25-27,female,,89,135,35.33,Bcom
MAY28-2024-HSBI Targeting-College-Applications-LP,Bcom-2127-TI1,07 College Campus,21-24,unknown,,3,3,0.12,Bcom
MAY28-2024-HSBI Targeting-College-Applications-LP,Bcom-2127-TI1,07 College Campus,25-27,unknown,,1,1,0.06,Bcom
MAY28-2024-HSBI Targeting-College-Applications-LP,Bcom-2127-TI1,07 College Campus,21-24,female,2,533,729,145.65,Bcom
MAY28-2024-HSBI Targeting-College-Applications-LP,BBA-2127-TI1,05 Getting a job,21-24,male,1,191,268,47.21,BBA
MAY28-2024-HSBI Targeting-College-Applications-LP,Bcom-2127-TI1,06 10 Job Openings,21-24,male,,1118,1242,135.83,Bcom
MAY28-2024-HSBI Targeting-College-Applications-LP,BBA-2127-TI1,05 Getting a job,25-27,unknown,,1,1,0.1,BBA
MAY28-2024-HSBI Targeting-College-Applications-LP,BBA-2127-TI1,06 10 Job Openings,25-27,female,,318,392,60.01,BBA
MAY28-2024-HSBI Targeting-College-Applications-LP,BBA-2127-TI1,07 College Campus,25-27,female,,94,127,35.5,BBA
MAY28-2024-HSBI Targeting-College-Applications-LP,BBA-2127-TI1,05 Getting a job,21-24,female,,39,46,5.5,BBA
MAY28-2024-HSBI Targeting-College-Applications-LP,Btech-2127-TI1,07 College Campus,21-24,unknown,,2,8,0.3,Btech
MAY28-2024-HSBI Targeting-College-Applications-LP,Btech-2127-TI1,07 College Campus,25-27,unknown,,1,1,0.06,Btech
MAY28-2024-HSBI Targeting-College-Applications-LP,Btech-2127-TI1,07 College Campus,25-27,male,2,341,475,91.99,Btech
MAY28-2024-HSBI Targeting-College-Applications-LP,Btech-2127-TI1,07 College Campus,25-27,female,1,143,203,35.7,Btech
MAY28-2024-HSBI Targeting-College-Applications-LP,Btech-2127-TI1,07 College Campus,21-24,male,3,1443,2019,411.4,Btech
MAY28-2024-HSBI Targeting-College-Applications-LP,Btech-2127-TI1,07 College Campus,21-24,female,3,861,1070,174.35,Btech
MAY28-2024-HSBI Targeting-College-Applications-LP,BBA-2127-TI1,06 10 Job Openings,21-24,unknown,,2,6,1.84,BBA
MAY28-2024-HSBI Targeting-College-Applications-LP,BBA-2127-TI1,06 10 Job Openings,25-27,male,1,821,1001,180.63,BBA
MAY28-2024-HSBI Targeting-College-Applications-LP,BBA-2127-TI1,06 10 Job Openings,21-24,male,1,1499,1768,230.57,BBA
MAY28-2024-HSBI Targeting-College-Applications-LP,BBA-2127-TI1,06 10 Job Openings,21-24,female,1,477,583,87.22,BBA
MAY28-2024-HSBI Targeting-College-Applications-LP,Bcom-2127-TI1,05 Getting a job,21-24,male,,31,33,2.86,Bcom
MAY28-2024-HSBI Targeting-College-Applications-LP,Bcom-2127-TI1,05 Getting a job,25-27,male,,3,3,0.13,Bcom
MAY28-2024-HSBI Targeting-College-Applications-LP,Bcom-2127-TI1,05 Getting a job,25-27,female,,2,2,0.02,Bcom
MAY28-2024-HSBI Targeting-College-Applications-LP,Bcom-2127-TI1,05 Getting a job,21-24,female,,15,16,0.68,Bcom
MAY28-2024-HSBI Targeting-College-Applications-LP,BBA-2127-TI1,07 College Campus,21-24,female,,124,167,35.82,BBA
MAY28-2024-HSBI Targeting-College-Applications-LP,Btech-2127-TI1,06 10 Job Openings,25-27,unknown,,1,1,0.14,Btech
MAY28-2024-HSBI Targeting-College-Applications-LP,BBA-2127-TI1,05 Getting a job,25-27,female,,18,25,3.23,BBA
MAY28-2024-HSBI Targeting-College-Applications-LP,BBA-2127-TI1,05 Getting a job,25-27,male,,105,140,34.94,BBA
MAY28-2024-HSBI Targeting-College-Applications-LP,Btech-2127-TI1,06 10 Job Openings,21-24,female,3,710,757,95.88,Btech
MAY28-2024-HSBI Targeting-College-Applications-LP,Btech-2127-TI1,06 10 Job Openings,21-24,male,2,818,921,105.08,Btech
MAY28-2024-HSBI Targeting-College-Applications-LP,Btech-2127-TI1,06 10 Job Openings,25-27,male,1,177,190,33.17,Btech
MAY28-2024-HSBI Targeting-College-Applications-LP,BBA-2127-TI1,07 College Campus,25-27,unknown,,1,1,0.19,BBA
MAY28-2024-HSBI Targeting-College-Applications-LP,Btech-2127-TI1,06 10 Job Openings,21-24,unknown,,2,2,0.25,Btech
MAY28-2024-HSBI Targeting-College-Applications-LP,Btech-2127-TI1,06 10 Job Openings,25-27,female,,116,123,19.65,Btech
MAY28-2024-HSBI Targeting-College-Applications-LP,Btech-2127-TI1,05 Getting a job,21-24,male,1,93,114,19.17,Btech
MAY28-2024-HSBI Targeting-College-Applications-LP,Btech-2127-TI1,05 Getting a job,25-27,female,,9,10,4.13,Btech
MAY28-2024-HSBI Targeting-College-Applications-LP,Btech-2127-TI1,05 Getting a job,21-24,female,,42,51,13.47,Btech
MAY28-2024-HSBI Targeting-College-Applications-LP,Btech-2127-TI1,05 Getting a job,25-27,male,,29,31,3.46,Btech
MAY28-2024-HSBI Targeting-College-Applications-LP,BBA-2127-TI1,07 College Campus,21-24,male,2,482,699,199.61,BBA
MAY28-2024-HSBI Targeting-College-Applications-LP,BBA-2127-TI1,07 College Campus,25-27,male,1,235,360,88.84,BBA
MAY28-2024-HSBI Targeting-College-Applications-LP,Btech-2127-TI1,05 Getting a job,21-24,female,,60,67,8.21,Btech
MAY28-2024-HSBI Targeting-College-Applications-LP,Bcom-2127-TI1,05 Getting a job,21-24,female,,67,72,6.73,Bcom
MAY28-2024-HSBI Targeting-College-Applications-LP,BBA-2127-TI1,07 College Campus,21-24,male,3,484,707,269.55,BBA
MAY28-2024-HSBI Targeting-College-Applications-LP,BBA-2127-TI1,07 College Campus,21-24,female,,99,139,34.59,BBA
MAY28-2024-HSBI Targeting-College-Applications-LP,BBA-2127-TI1,07 College Campus,25-27,female,,70,96,22.36,BBA
MAY28-2024-HSBI Targeting-College-Applications-LP,BBA-2127-TI1,07 College Campus,25-27,male,,222,313,112.31,BBA
MAY28-2024-HSBI Targeting-College-Applications-LP,Bcom-2127-TI1,05 Getting a job,21-24,unknown,,1,1,0.49,Bcom
MAY28-2024-HSBI Targeting-College-Applications-LP,Bcom-2127-TI1,05 Getting a job,25-27,unknown,,1,1,0.4,Bcom
MAY28-2024-HSBI Targeting-College-Applications-LP,Bcom-2127-TI1,05 Getting a job,25-27,male,,32,35,6,Bcom
MAY28-2024-HSBI Targeting-College-Applications-LP,Btech-2127-TI1,07 College Campus,21-24,male,5,1434,1990,456.72,Btech
MAY28-2024-HSBI Targeting-College-Applications-LP,Bcom-2127-TI1,05 Getting a job,21-24,male,,147,168,21.72,Bcom
MAY28-2024-HSBI Targeting-College-Applications-LP,Bcom-2127-TI1,05 Getting a job,25-27,female,,19,20,3.38,Bcom
MAY28-2024-HSBI Targeting-College-Applications-LP,BBA-2127-TI1,06 10 Job Openings,21-24,female,1,350,407,60.91,BBA
MAY28-2024-HSBI Targeting-College-Applications-LP,BBA-2127-TI1,06 10 Job Openings,21-24,male,1,1302,1529,201.12,BBA
MAY28-2024-HSBI Targeting-College-Applications-LP,BBA-2127-TI1,06 10 Job Openings,25-27,female,1,249,299,69.19,BBA
MAY28-2024-HSBI Targeting-College-Applications-LP,BBA-2127-TI1,06 10 Job Openings,25-27,male,,783,897,162.08,BBA
MAY28-2024-HSBI Targeting-College-Applications-LP,Btech-2127-TI1,07 College Campus,25-27,female,1,111,136,31.18,Btech
MAY28-2024-HSBI Targeting-College-Applications-LP,Btech-2127-TI1,07 College Campus,21-24,unknown,,2,2,0.35,Btech
MAY28-2024-HSBI Targeting-College-Applications-LP,Btech-2127-TI1,07 College Campus,25-27,male,,304,398,89.28,Btech
MAY28-2024-HSBI Targeting-College-Applications-LP,Btech-2127-TI1,07 College Campus,21-24,female,,660,842,138.75,Btech
MAY28-2024-HSBI Targeting-College-Applications-LP,Btech-2127-TI1,05 Getting a job,25-27,female,,12,15,1.36,Btech
MAY28-2024-HSBI Targeting-College-Applications-LP,Btech-2127-TI1,05 Getting a job,21-24,male,,136,156,23.35,Btech
MAY28-2024-HSBI Targeting-College-Applications-LP,Btech-2127-TI1,06 10 Job Openings,21-24,male,1,740,811,104.95,Btech
MAY28-2024-HSBI Targeting-College-Applications-LP,Btech-2127-TI1,05 Getting a job,25-27,unknown,,1,1,0.31,Btech
MAY28-2024-HSBI Targeting-College-Applications-LP,Bcom-2127-TI1,06 10 Job Openings,25-27,unknown,,1,1,0.13,Bcom
MAY28-2024-HSBI Targeting-College-Applications-LP,Bcom-2127-TI1,07 College Campus,21-24,male,3,1355,1894,405.14,Bcom
MAY28-2024-HSBI Targeting-College-Applications-LP,Btech-2127-TI1,05 Getting a job,25-27,male,1,44,50,9.14,Btech
MAY28-2024-HSBI Targeting-College-Applications-LP,Bcom-2127-TI1,07 College Campus,21-24,unknown,,1,2,3.18,Bcom
MAY28-2024-HSBI Targeting-College-Applications-LP,Bcom-2127-TI1,07 College Campus,25-27,male,,286,382,68.55,Bcom
MAY28-2024-HSBI Targeting-College-Applications-LP,Bcom-2127-TI1,07 College Campus,21-24,female,,482,587,83.15,Bcom
MAY28-2024-HSBI Targeting-College-Applications-LP,Bcom-2127-TI1,06 10 Job Openings,21-24,female,2,1014,1093,141,Bcom
MAY28-2024-HSBI Targeting-College-Applications-LP,Bcom-2127-TI1,06 10 Job Openings,21-24,male,1,1298,1410,159.69,Bcom
MAY28-2024-HSBI Targeting-College-Applications-LP,Bcom-2127-TI1,06 10 Job Openings,25-27,female,1,165,182,29.93,Bcom
MAY28-2024-HSBI Targeting-College-Applications-LP,Bcom-2127-TI1,06 10 Job Openings,21-24,unknown,,2,2,0.06,Bcom
MAY28-2024-HSBI Targeting-College-Applications-LP,Bcom-2127-TI1,07 College Campus,25-27,female,1,57,75,14.38,Bcom
MAY28-2024-HSBI Targeting-College-Applications-LP,Bcom-2127-TI1,06 10 Job Openings,25-27,male,,352,389,66.36,Bcom
MAY28-2024-HSBI Targeting-College-Applications-LP,Btech-2127-TI1,06 10 Job Openings,25-27,unknown,,1,1,0.21,Btech
MAY28-2024-HSBI Targeting-College-Applications-LP,BBA-2127-TI1,05 Getting a job,25-27,female,,28,35,5.22,BBA
MAY28-2024-HSBI Targeting-College-Applications-LP,Btech-2127-TI1,06 10 Job Openings,21-24,female,,647,707,95.18,Btech
MAY28-2024-HSBI Targeting-College-Applications-LP,Btech-2127-TI1,06 10 Job Openings,25-27,female,,95,101,17.94,Btech
MAY28-2024-HSBI Targeting-College-Applications-LP,Btech-2127-TI1,06 10 Job Openings,25-27,male,,173,187,27.75,Btech
MAY28-2024-HSBI Targeting-College-Applications-LP,Btech-2127-TI1,06 10 Job Openings,21-24,unknown,,2,3,0.33,Btech
MAY28-2024-HSBI Targeting-College-Applications-LP,BBA-2127-TI1,05 Getting a job,21-24,male,,258,310,32.15,BBA
MAY28-2024-HSBI Targeting-College-Applications-LP,BBA-2127-TI1,05 Getting a job,21-24,female,,59,78,7.04,BBA
MAY28-2024-HSBI Targeting-College-Applications-LP,BBA-2127-TI1,05 Getting a job,25-27,male,,140,174,31.28,BBA
MAY28-2024-HSBI Targeting-College-Applications-LP,BBA-2127-TI1,07 College Campus,25-27,female,1,68,111,34.38,BBA
MAY28-2024-HSBI Targeting-College-Applications-LP,BBA-2127-TI1,06 10 Job Openings,21-24,female,1,441,528,62.77,BBA
MAY28-2024-HSBI Targeting-College-Applications-LP,BBA-2127-TI1,07 College Campus,25-27,male,1,222,313,129.28,BBA
MAY28-2024-HSBI Targeting-College-Applications-LP,BBA-2127-TI1,07 College Campus,21-24,unknown,,1,1,0.47,BBA
MAY28-2024-HSBI Targeting-College-Applications-LP,BBA-2127-TI1,07 College Campus,21-24,female,,93,137,29.68,BBA
MAY28-2024-HSBI Targeting-College-Applications-LP,Bcom-2127-TI1,05 Getting a job,25-27,female,,15,17,3.07,Bcom
MAY28-2024-HSBI Targeting-College-Applications-LP,Bcom-2127-TI1,05 Getting a job,21-24,female,,52,64,7.14,Bcom
MAY28-2024-HSBI Targeting-College-Applications-LP,Bcom-2127-TI1,05 Getting a job,21-24,male,,88,107,17.85,Bcom
MAY28-2024-HSBI Targeting-College-Applications-LP,Bcom-2127-TI1,05 Getting a job,25-27,male,,41,47,5.38,Bcom
MAY28-2024-HSBI Targeting-College-Applications-LP,Btech-2127-TI1,07 College Campus,21-24,female,2,591,767,133.78,Btech
MAY28-2024-HSBI Targeting-College-Applications-LP,BBA-2127-TI1,06 10 Job Openings,21-24,male,1,1565,1802,192.72,BBA
MAY28-2024-HSBI Targeting-College-Applications-LP,BBA-2127-TI1,06 10 Job Openings,25-27,female,2,317,347,55.71,BBA
MAY28-2024-HSBI Targeting-College-Applications-LP,BBA-2127-TI1,06 10 Job Openings,25-27,male,4,1018,1179,189.38,BBA
MAY28-2024-HSBI Targeting-College-Applications-LP,BBA-2127-TI1,06 10 Job Openings,21-24,unknown,,1,1,0.01,BBA
MAY28-2024-HSBI Targeting-College-Applications-LP,Btech-2127-TI1,07 College Campus,21-24,male,5,1137,1662,406.35,Btech
MAY28-2024-HSBI Targeting-College-Applications-LP,Btech-2127-TI1,07 College Campus,25-27,unknown,,2,3,0.42,Btech
MAY28-2024-HSBI Targeting-College-Applications-LP,Btech-2127-TI1,07 College Campus,21-24,unknown,,3,6,5.31,Btech
MAY28-2024-HSBI Targeting-College-Applications-LP,Btech-2127-TI1,07 College Campus,25-27,male,,264,355,89,Btech
MAY28-2024-HSBI Targeting-College-Applications-LP,Btech-2127-TI1,07 College Campus,25-27,female,,130,164,33.42,Btech
MAY28-2024-HSBI Targeting-College-Applications-LP,BBA-2127-TI1,07 College Campus,21-24,male,1,441,666,214.38,BBA
MAY28-2024-HSBI Targeting-College-Applications-LP,Btech-2127-TI1,05 Getting a job,21-24,male,,69,92,10.24,Btech
MAY28-2024-HSBI Targeting-College-Applications-LP,Btech-2127-TI1,05 Getting a job,25-27,male,,35,40,8.87,Btech
MAY28-2024-HSBI Targeting-College-Applications-LP,Bcom-2127-TI1,06 10 Job Openings,25-27,female,,278,303,38.48,Bcom
MAY28-2024-HSBI Targeting-College-Applications-LP,Btech-2127-TI1,05 Getting a job,25-27,female,,17,21,3.18,Btech
MAY28-2024-HSBI Targeting-College-Applications-LP,Bcom-2127-TI1,07 College Campus,21-24,male,3,910,1327,211.51,Bcom
MAY28-2024-HSBI Targeting-College-Applications-LP,Bcom-2127-TI1,07 College Campus,25-27,male,2,190,257,68.93,Bcom
MAY28-2024-HSBI Targeting-College-Applications-LP,Bcom-2127-TI1,07 College Campus,21-24,female,,379,482,84.01,Bcom
MAY28-2024-HSBI Targeting-College-Applications-LP,Bcom-2127-TI1,06 10 Job Openings,21-24,female,1,1698,1867,166.16,Bcom
MAY28-2024-HSBI Targeting-College-Applications-LP,Bcom-2127-TI1,06 10 Job Openings,21-24,male,1,2030,2232,234.26,Bcom
MAY28-2024-HSBI Targeting-College-Applications-LP,Bcom-2127-TI1,06 10 Job Openings,25-27,male,3,574,639,97.01,Bcom
MAY28-2024-HSBI Targeting-College-Applications-LP,Bcom-2127-TI1,06 10 Job Openings,21-24,unknown,,5,7,2.26,Bcom
MAY28-2024-HSBI Targeting-College-Applications-LP,Bcom-2127-TI1,07 College Campus,25-27,female,,79,112,31.45,Bcom
MAY28-2024-HSBI Targeting-College-Applications-LP,BBA-2127-TI1,05 Getting a job,21-24,male,1,105,130,20.18,BBA
MAY28-2024-HSBI Targeting-College-Applications-LP,BBA-2127-TI1,05 Getting a job,25-27,male,,108,128,22.17,BBA
MAY28-2024-HSBI Targeting-College-Applications-LP,BBA-2127-TI1,05 Getting a job,21-24,female,,41,48,5.23,BBA
MAY28-2024-HSBI Targeting-College-Applications-LP,Btech-2127-TI1,06 10 Job Openings,21-24,female,2,778,839,86.77,Btech
MAY28-2024-HSBI Targeting-College-Applications-LP,Btech-2127-TI1,06 10 Job Openings,21-24,male,1,911,981,128.18,Btech
MAY28-2024-HSBI Targeting-College-Applications-LP,Btech-2127-TI1,06 10 Job Openings,25-27,male,2,247,266,39.04,Btech
MAY28-2024-HSBI Targeting-College-Applications-LP,Btech-2127-TI1,06 10 Job Openings,21-24,unknown,,1,1,0.03,Btech
MAY28-2024-HSBI Targeting-College-Applications-LP,Btech-2127-TI1,06 10 Job Openings,25-27,female,,141,151,26.73,Btech
MAY28-2024-HSBI Targeting-College-Applications-LP,BBA-2127-TI1,05 Getting a job,25-27,female,,35,40,7.69,BBA
MAY28-2024-HSBI Targeting-College-Applications-LP,Btech-2127-TI1,05 Getting a job,21-24,female,,30,34,2.76,Btech
MAY28-2024-HSBI Targeting-College-Applications-LP,BBA-2127-TI1,06 10 Job Openings,21-24,male,4,2385,2925,343.61,BBA
MAY28-2024-HSBI Targeting-College-Applications-LP,BBA-2127-TI1,06 10 Job Openings,25-27,unknown,,0,1,0,BBA
MAY28-2024-HSBI Targeting-College-Applications-LP,BBA-2127-TI1,06 10 Job Openings,21-24,female,,660,779,101.12,BBA
MAY28-2024-HSBI Targeting-College-Applications-LP,BBA-2127-TI1,06 10 Job Openings,25-27,female,,566,667,102.14,BBA
MAY28-2024-HSBI Targeting-College-Applications-LP,BBA-2127-TI1,06 10 Job Openings,25-27,male,1,1841,2242,316.63,BBA
MAY28-2024-HSBI Targeting-College-Applications-LP,Bcom-2127-TI1,05 Getting a job,21-24,male,1,188,234,44.63,Bcom
MAY28-2024-HSBI Targeting-College-Applications-LP,Bcom-2127-TI1,05 Getting a job,25-27,male,,91,108,14.44,Bcom
MAY28-2024-HSBI Targeting-College-Applications-LP,Bcom-2127-TI1,05 Getting a job,21-24,female,,82,101,11.89,Bcom
MAY28-2024-HSBI Targeting-College-Applications-LP,Bcom-2127-TI1,05 Getting a job,25-27,female,,31,35,11.02,Bcom
MAY28-2024-HSBI Targeting-College-Applications-LP,Bcom-2127-TI1,05 Getting a job,25-27,unknown,,1,1,0.02,Bcom
MAY28-2024-HSBI Targeting-College-Applications-LP,BBA-2127-TI1,07 College Campus,21-24,male,,40,55,10.37,BBA
MAY28-2024-HSBI Targeting-College-Applications-LP,Btech-2127-TI1,07 College Campus,25-27,male,,36,41,7.33,Btech
MAY28-2024-HSBI Targeting-College-Applications-LP,Btech-2127-TI1,07 College Campus,25-27,female,,13,13,3.73,Btech
May29-2024-HSBI Targeting-MBA with SAP,BA-21-25-Tier1,07 College Campus,25-27,unknown,,4,4,0.63,BA
MAY28-2024-HSBI Targeting-College-Applications-LP,Btech-2127-TI1,07 College Campus,21-24,male,,126,139,21.18,Btech
MAY28-2024-HSBI Targeting-College-Applications-LP,Btech-2127-TI1,07 College Campus,21-24,female,,125,132,13.46,Btech
May29-2024-HSBI Targeting-MBA with SAP,BCA-21-25-Tier1,07 College Campus,21-24,unknown,,4,5,4.64,BCA
May29-2024-HSBI Targeting-MBA with SAP,BCA-21-25-Tier1,07 College Campus,25-27,female,,67,77,14.08,BCA
May29-2024-HSBI Targeting-MBA with SAP,BCA-21-25-Tier1,07 College Campus,25-27,male,,351,408,49.42,BCA
May29-2024-HSBI Targeting-MBA with SAP,BCA-21-25-Tier1,07 College Campus,21-24,female,,717,843,146.06,BCA
May29-2024-HSBI Targeting-MBA with SAP,BCA-21-25-Tier1,07 College Campus,21-24,male,,2647,3042,333.08,BCA
May29-2024-HSBI Targeting-MBA with SAP,BA-21-25-Tier1,07 College Campus,21-24,unknown,,12,13,0.64,BA
May29-2024-HSBI Targeting-MBA with SAP,BA-21-25-Tier1,07 College Campus,25-27,male,,358,414,35.91,BA
May29-2024-HSBI Targeting-MBA with SAP,BA-21-25-Tier1,07 College Campus,25-27,female,,68,87,10.07,BA
May29-2024-HSBI Targeting-MBA with SAP,BA-21-25-Tier1,07 College Campus,21-24,female,,642,747,92.89,BA
May29-2024-HSBI Targeting-MBA with SAP,BA-21-25-Tier1,07 College Campus,21-24,male,,2676,3052,356.07,BA
MAY28-2024-HSBI Targeting-College-Applications-LP,BBA-2127-TI1,07 College Campus,21-24,female,,8,9,1.29,BBA
MAY28-2024-HSBI Targeting-College-Applications-LP,BBA-2127-TI1,07 College Campus,25-27,male,,24,27,6.42,BBA
MAY28-2024-HSBI Targeting-College-Applications-LP,BBA-2127-TI1,06 10 Job Openings,21-24,unknown,,6,6,0.48,BBA
MAY28-2024-HSBI Targeting-College-Applications-LP,BBA-2127-TI1,07 College Campus,25-27,female,,13,15,4.12,BBA
MAY28-2024-HSBI Targeting-College-Applications-LP,BBA-2127-TI1,05 Getting a job,21-24,female,,60,74,4.96,BBA
MAY28-2024-HSBI Targeting-College-Applications-LP,Bcom-2127-TI1,07 College Campus,25-27,male,,3,3,0.23,Bcom
MAY28-2024-HSBI Targeting-College-Applications-LP,Bcom-2127-TI1,07 College Campus,25-27,female,,1,2,0.19,Bcom
MAY28-2024-HSBI Targeting-College-Applications-LP,Bcom-2127-TI1,07 College Campus,21-24,male,,12,13,4.94,Bcom
May29-2024-HSBI Targeting-MBA with SAP,Btech -21-25-Tier1,07 College Campus,21-24,male,,1376,1565,220.64,Btech 
MAY28-2024-HSBI Targeting-College-Applications-LP,Bcom-2127-TI1,06 10 Job Openings,21-24,female,1,2094,2300,236.83,Bcom
MAY28-2024-HSBI Targeting-College-Applications-LP,Bcom-2127-TI1,06 10 Job Openings,21-24,male,5,2940,3365,441.83,Bcom
MAY28-2024-HSBI Targeting-College-Applications-LP,Bcom-2127-TI1,06 10 Job Openings,25-27,female,2,400,493,67.33,Bcom
MAY28-2024-HSBI Targeting-College-Applications-LP,Bcom-2127-TI1,06 10 Job Openings,21-24,unknown,,3,3,2.89,Bcom
MAY28-2024-HSBI Targeting-College-Applications-LP,Bcom-2127-TI1,06 10 Job Openings,25-27,male,,878,953,142.79,Bcom
MAY28-2024-HSBI Targeting-College-Applications-LP,Bcom-2127-TI1,06 10 Job Openings,25-27,unknown,,0,1,0,Bcom
MAY28-2024-HSBI Targeting-College-Applications-LP,BBA-2127-TI1,05 Getting a job,21-24,male,1,296,356,44.28,BBA
MAY28-2024-HSBI Targeting-College-Applications-LP,BBA-2127-TI1,05 Getting a job,25-27,female,1,64,92,10.5,BBA
MAY28-2024-HSBI Targeting-College-Applications-LP,BBA-2127-TI1,05 Getting a job,25-27,male,,238,277,42.66,BBA
MAY28-2024-HSBI Targeting-College-Applications-LP,Bcom-2127-TI1,07 College Campus,21-24,female,,8,8,1.63,Bcom
MAY28-2024-HSBI Targeting-College-Applications-LP,Btech-2127-TI1,06 10 Job Openings,21-24,female,1,1910,2137,230.31,Btech
MAY28-2024-HSBI Targeting-College-Applications-LP,Btech-2127-TI1,05 Getting a job,25-27,male,,80,90,22.2,Btech
MAY28-2024-HSBI Targeting-College-Applications-LP,Btech-2127-TI1,06 10 Job Openings,21-24,male,2,2142,2534,372.91,Btech
May29-2024-HSBI Targeting-MBA with SAP,Btech -21-25-Tier1,07 College Campus,25-27,male,,169,200,41.93,Btech 
May29-2024-HSBI Targeting-MBA with SAP,Btech -21-25-Tier1,07 College Campus,21-24,female,,403,492,92.44,Btech 
May29-2024-HSBI Targeting-MBA with SAP,Btech -21-25-Tier1,07 College Campus,21-24,unknown,,3,3,0.07,Btech 
MAY28-2024-HSBI Targeting-College-Applications-LP,Btech-2127-TI1,05 Getting a job,21-24,male,,214,260,52.42,Btech
May29-2024-HSBI Targeting-MBA with SAP,Btech -21-25-Tier1,07 College Campus,25-27,female,,41,56,13.34,Btech 
MAY28-2024-HSBI Targeting-College-Applications-LP,Btech-2127-TI1,05 Getting a job,25-27,female,1,31,41,9.23,Btech
MAY28-2024-HSBI Targeting-College-Applications-LP,Btech-2127-TI1,05 Getting a job,21-24,female,2,86,106,16.93,Btech
MAY28-2024-HSBI Targeting-College-Applications-LP,Btech-2127-TI1,06 10 Job Openings,21-24,unknown,,4,5,0.24,Btech
MAY28-2024-HSBI Targeting-College-Applications-LP,Btech-2127-TI1,06 10 Job Openings,25-27,male,2,658,808,125.85,Btech
MAY28-2024-HSBI Targeting-College-Applications-LP,Btech-2127-TI1,06 10 Job Openings,25-27,female,7,370,452,107.53,Btech
MAY28-2024-HSBI Targeting-College-Applications-LP,BBA-2127-TI1,06 10 Job Openings,21-24,unknown,,2,2,0.11,BBA
May29-2024-HSBI Targeting-MBA with SAP,Btech -21-25-Tier1,07 College Campus,25-27,male,,181,221,43.12,Btech 
MAY28-2024-HSBI Targeting-College-Applications-LP,Bcom-2127-TI1,05 Getting a job,25-27,female,1,29,43,5.61,Bcom
MAY28-2024-HSBI Targeting-College-Applications-LP,Bcom-2127-TI1,05 Getting a job,25-27,male,1,96,131,15.47,Bcom
MAY28-2024-HSBI Targeting-College-Applications-LP,Bcom-2127-TI1,05 Getting a job,21-24,unknown,,2,2,0.04,Bcom
MAY28-2024-HSBI Targeting-College-Applications-LP,Bcom-2127-TI1,05 Getting a job,21-24,male,,342,425,49.71,Bcom
MAY28-2024-HSBI Targeting-College-Applications-LP,Bcom-2127-TI1,05 Getting a job,21-24,female,,137,168,19.87,Bcom
MAY28-2024-HSBI Targeting-College-Applications-LP,BBA-2127-TI1,06 10 Job Openings,21-24,male,4,1852,2431,306.03,BBA
MAY28-2024-HSBI Targeting-College-Applications-LP,BBA-2127-TI1,06 10 Job Openings,25-27,female,2,393,523,102.61,BBA
MAY28-2024-HSBI Targeting-College-Applications-LP,BBA-2127-TI1,06 10 Job Openings,25-27,male,2,1565,2066,360.53,BBA
May29-2024-HSBI Targeting-MBA with SAP,BCA-21-25-Tier1,07 College Campus,21-24,female,,469,532,136.63,BCA
MAY28-2024-HSBI Targeting-College-Applications-LP,BBA-2127-TI1,06 10 Job Openings,21-24,female,,421,587,78.65,BBA
May29-2024-HSBI Targeting-MBA with SAP,BCA-21-25-Tier1,07 College Campus,21-24,unknown,,7,7,0.4,BCA
May29-2024-HSBI Targeting-MBA with SAP,Btech -21-25-Tier1,07 College Campus,25-27,female,,36,48,12.3,Btech 
May29-2024-HSBI Targeting-MBA with SAP,BCA-21-25-Tier1,07 College Campus,25-27,female,,50,63,15.36,BCA
May29-2024-HSBI Targeting-MBA with SAP,BCA-21-25-Tier1,07 College Campus,25-27,male,,253,292,66.76,BCA
May29-2024-HSBI Targeting-MBA with SAP,BCA-21-25-Tier1,07 College Campus,21-24,male,,1942,2239,422.33,BCA
May29-2024-HSBI Targeting-MBA with SAP,BA-21-25-Tier1,07 College Campus,21-24,unknown,,6,7,0.69,BA
May29-2024-HSBI Targeting-MBA with SAP,BA-21-25-Tier1,07 College Campus,25-27,female,,32,35,7.77,BA
May29-2024-HSBI Targeting-MBA with SAP,BA-21-25-Tier1,07 College Campus,25-27,male,,190,214,50.29,BA
May29-2024-HSBI Targeting-MBA with SAP,BA-21-25-Tier1,07 College Campus,21-24,male,,1505,1729,468.41,BA
May29-2024-HSBI Targeting-MBA with SAP,BA-21-25-Tier1,07 College Campus,21-24,female,,342,426,115.52,BA
May29-2024-HSBI Targeting-MBA with SAP,Btech -21-25-Tier1,07 College Campus,21-24,female,,388,464,113.82,Btech 
MAY28-2024-HSBI Targeting-College-Applications-LP,BBA-2127-TI1,05 Getting a job,21-24,female,,59,72,4.43,BBA
May29-2024-HSBI Targeting-MBA with SAP,Btech -21-25-Tier1,07 College Campus,21-24,unknown,,4,5,2.01,Btech 
MAY28-2024-HSBI Targeting-College-Applications-LP,Btech-2127-TI1,06 10 Job Openings,21-24,female,5,1462,1747,207.42,Btech
MAY28-2024-HSBI Targeting-College-Applications-LP,Bcom-2127-TI1,06 10 Job Openings,21-24,female,2,1494,1858,209.06,Bcom
MAY28-2024-HSBI Targeting-College-Applications-LP,Bcom-2127-TI1,06 10 Job Openings,21-24,male,2,2356,2946,430.21,Bcom
MAY28-2024-HSBI Targeting-College-Applications-LP,Bcom-2127-TI1,06 10 Job Openings,25-27,female,1,324,404,85.09,Bcom
MAY28-2024-HSBI Targeting-College-Applications-LP,Bcom-2127-TI1,06 10 Job Openings,25-27,male,2,746,994,167.11,Bcom
MAY28-2024-HSBI Targeting-College-Applications-LP,Bcom-2127-TI1,06 10 Job Openings,25-27,unknown,,0,1,0.02,Bcom
May29-2024-HSBI Targeting-MBA with SAP,Btech -21-25-Tier1,07 College Campus,25-27,unknown,,1,2,0.8,Btech 
MAY28-2024-HSBI Targeting-College-Applications-LP,BBA-2127-TI1,05 Getting a job,25-27,female,,43,57,7.14,BBA
MAY28-2024-HSBI Targeting-College-Applications-LP,BBA-2127-TI1,05 Getting a job,21-24,male,,352,461,65.46,BBA
MAY28-2024-HSBI Targeting-College-Applications-LP,BBA-2127-TI1,05 Getting a job,25-27,male,,244,319,64.07,BBA
MAY28-2024-HSBI Targeting-College-Applications-LP,Bcom-2127-TI1,06 10 Job Openings,21-24,unknown,,0,2,0.29,Bcom
MAY28-2024-HSBI Targeting-College-Applications-LP,Btech-2127-TI1,06 10 Job Openings,21-24,male,2,2618,3148,411.58,Btech
MAY28-2024-HSBI Targeting-College-Applications-LP,Btech-2127-TI1,06 10 Job Openings,25-27,male,3,802,958,159.53,Btech
MAY28-2024-HSBI Targeting-College-Applications-LP,Btech-2127-TI1,06 10 Job Openings,25-27,unknown,,2,2,0.12,Btech
MAY28-2024-HSBI Targeting-College-Applications-LP,Btech-2127-TI1,06 10 Job Openings,21-24,unknown,,8,8,0.57,Btech
MAY28-2024-HSBI Targeting-College-Applications-LP,Btech-2127-TI1,05 Getting a job,21-24,male,1,401,499,81.6,Btech
MAY28-2024-HSBI Targeting-College-Applications-LP,Btech-2127-TI1,05 Getting a job,25-27,female,,36,45,8.21,Btech
MAY28-2024-HSBI Targeting-College-Applications-LP,Btech-2127-TI1,05 Getting a job,25-27,male,,160,189,31.69,Btech
MAY28-2024-HSBI Targeting-College-Applications-LP,Btech-2127-TI1,05 Getting a job,21-24,female,,141,166,11.94,Btech
May29-2024-HSBI Targeting-MBA with SAP,Btech -21-25-Tier1,07 College Campus,21-24,male,1,1526,1869,466.91,Btech 
MAY28-2024-HSBI Targeting-College-Applications-LP,Btech-2127-TI1,06 10 Job Openings,25-27,female,1,302,413,76.76,Btech
MAY28-2024-HSBI Targeting-College-Applications-LP,Bcom-2127-TI1,05 Getting a job,25-27,female,,71,103,15.67,Bcom
MAY28-2024-HSBI Targeting-College-Applications-LP,BBA-2127-TI1,06 10 Job Openings,25-27,male,3,1479,1897,323.62,BBA
MAY28-2024-HSBI Targeting-College-Applications-LP,BBA-2127-TI1,06 10 Job Openings,21-24,male,4,1816,2331,299.24,BBA
MAY28-2024-HSBI Targeting-College-Applications-LP,Bcom-2127-TI1,05 Getting a job,25-27,male,,264,314,46.61,Bcom
May29-2024-HSBI Targeting-MBA with SAP,Btech -21-25-Tier1,07 College Campus,25-27,male,,154,171,27.03,Btech 
MAY28-2024-HSBI Targeting-College-Applications-LP,Bcom-2127-TI1,05 Getting a job,21-24,unknown,,1,1,0,Bcom
MAY28-2024-HSBI Targeting-College-Applications-LP,Bcom-2127-TI1,05 Getting a job,21-24,male,2,855,1043,103.52,Bcom
MAY28-2024-HSBI Targeting-College-Applications-LP,Bcom-2127-TI1,05 Getting a job,21-24,female,1,355,423,29.55,Bcom
May29-2024-HSBI Targeting-MBA with SAP,Btech -21-25-Tier1,07 College Campus,21-24,male,,1436,1639,250.05,Btech 
MAY28-2024-HSBI Targeting-College-Applications-LP,BBA-2127-TI1,06 10 Job Openings,21-24,unknown,,3,5,1.13,BBA
May29-2024-HSBI Targeting-MBA with SAP,BA-21-25-Tier1,07 College Campus,21-24,female,,261,277,32.31,BA
MAY28-2024-HSBI Targeting-College-Applications-LP,BBA-2127-TI1,06 10 Job Openings,25-27,unknown,,2,2,2,BBA
MAY28-2024-HSBI Targeting-College-Applications-LP,BBA-2127-TI1,06 10 Job Openings,21-24,female,,332,433,64.59,BBA
May29-2024-HSBI Targeting-MBA with SAP,BCA-21-25-Tier1,07 College Campus,25-27,male,,41,44,10.93,BCA
May29-2024-HSBI Targeting-MBA with SAP,BCA-21-25-Tier1,07 College Campus,25-27,female,,11,12,1.46,BCA
May29-2024-HSBI Targeting-MBA with SAP,BCA-21-25-Tier1,07 College Campus,21-24,male,,480,499,65.72,BCA
May29-2024-HSBI Targeting-MBA with SAP,BCA-21-25-Tier1,07 College Campus,21-24,female,,158,165,21.04,BCA
May29-2024-HSBI Targeting-MBA with SAP,BA-21-25-Tier1,07 College Campus,21-24,unknown,,2,2,0.04,BA
May29-2024-HSBI Targeting-MBA with SAP,BA-21-25-Tier1,07 College Campus,25-27,female,,18,19,1.92,BA
May29-2024-HSBI Targeting-MBA with SAP,BA-21-25-Tier1,07 College Campus,25-27,male,,96,101,7.41,BA
May29-2024-HSBI Targeting-MBA with SAP,BA-21-25-Tier1,07 College Campus,21-24,male,,707,741,72.02,BA
May29-2024-HSBI Targeting-MBA with SAP,Btech -21-25-Tier1,07 College Campus,25-27,female,,38,42,9.22,Btech 
May29-2024-HSBI Targeting-MBA with SAP,Btech -21-25-Tier1,07 College Campus,21-24,female,,510,584,56.63,Btech 
MAY28-2024-HSBI Targeting-College-Applications-LP,BBA-2127-TI1,06 10 Job Openings,25-27,female,,280,362,85.3,BBA
MAY28-2024-HSBI Targeting-College-Applications-LP,Btech-2127-TI1,05 Getting a job,21-24,male,,887,1083,127.06,Btech
MAY28-2024-HSBI Targeting-College-Applications-LP,BBA-2127-TI1,05 Getting a job,21-24,female,,109,150,9.85,BBA
MAY28-2024-HSBI Targeting-College-Applications-LP,Bcom-2127-TI1,06 10 Job Openings,21-24,female,6,1170,1478,179.83,Bcom
MAY28-2024-HSBI Targeting-College-Applications-LP,Bcom-2127-TI1,06 10 Job Openings,21-24,male,3,2341,2905,393.26,Bcom
MAY28-2024-HSBI Targeting-College-Applications-LP,Bcom-2127-TI1,06 10 Job Openings,25-27,female,1,277,358,65.52,Bcom
MAY28-2024-HSBI Targeting-College-Applications-LP,Bcom-2127-TI1,06 10 Job Openings,25-27,male,2,731,888,161.79,Bcom
MAY28-2024-HSBI Targeting-College-Applications-LP,Bcom-2127-TI1,06 10 Job Openings,21-24,unknown,,6,7,1.21,Bcom
MAY28-2024-HSBI Targeting-College-Applications-LP,BBA-2127-TI1,05 Getting a job,21-24,male,1,665,860,85.47,BBA
MAY28-2024-HSBI Targeting-College-Applications-LP,BBA-2127-TI1,05 Getting a job,25-27,male,2,622,774,111.81,BBA
MAY28-2024-HSBI Targeting-College-Applications-LP,BBA-2127-TI1,05 Getting a job,25-27,unknown,,1,1,0.01,BBA
MAY28-2024-HSBI Targeting-College-Applications-LP,BBA-2127-TI1,05 Getting a job,21-24,unknown,,1,1,0.01,BBA
MAY28-2024-HSBI Targeting-College-Applications-LP,BBA-2127-TI1,05 Getting a job,25-27,female,1,103,143,15.57,BBA
MAY28-2024-HSBI Targeting-College-Applications-LP,Btech-2127-TI1,06 10 Job Openings,21-24,female,2,1004,1248,164.46,Btech
MAY28-2024-HSBI Targeting-College-Applications-LP,Btech-2127-TI1,05 Getting a job,25-27,female,1,77,103,20.19,Btech
MAY28-2024-HSBI Targeting-College-Applications-LP,Btech-2127-TI1,06 10 Job Openings,21-24,male,5,2401,2928,366.42,Btech
MAY28-2024-HSBI Targeting-College-Applications-LP,Btech-2127-TI1,05 Getting a job,25-27,unknown,,1,1,0.3,Btech
MAY28-2024-HSBI Targeting-College-Applications-LP,Btech-2127-TI1,05 Getting a job,21-24,unknown,,2,2,0.03,Btech
MAY28-2024-HSBI Targeting-College-Applications-LP,Btech-2127-TI1,05 Getting a job,21-24,female,,313,375,30.32,Btech
MAY28-2024-HSBI Targeting-College-Applications-LP,Btech-2127-TI1,06 10 Job Openings,21-24,unknown,,1,1,0.05,Btech
MAY28-2024-HSBI Targeting-College-Applications-LP,Btech-2127-TI1,06 10 Job Openings,25-27,unknown,,1,1,0.63,Btech
MAY28-2024-HSBI Targeting-College-Applications-LP,Btech-2127-TI1,06 10 Job Openings,25-27,male,1,792,934,157.25,Btech
MAY28-2024-HSBI Targeting-College-Applications-LP,Btech-2127-TI1,06 10 Job Openings,25-27,female,1,245,290,67,Btech
MAY28-2024-HSBI Targeting-College-Applications-LP,Btech-2127-TI1,05 Getting a job,25-27,male,,325,406,50.59,Btech
May29-2024-HSBI Targeting-MBA with SAP,Bsc-M&F-21to25-Tier 2&3,05 Getting a job,25-27,male,,13,13,2.83,Bsc
May29-2024-HSBI Targeting-MBA with SAP,Broad-21to25-Tier 2&3,05 Getting a job,25-27,male,,18,18,2.68,Broad
MAY28-2024-HSBI Targeting-College-Applications-LP,Btech-2127-TI1,05 Getting a job,21-24,male,,671,745,88.4,Btech
MAY28-2024-HSBI Targeting-College-Applications-LP,Btech-2127-TI1,05 Getting a job,25-27,male,,231,262,47.96,Btech
MAY28-2024-HSBI Targeting-College-Applications-LP,Btech-2127-TI1,05 Getting a job,25-27,female,,81,95,16.38,Btech
MAY28-2024-HSBI Targeting-College-Applications-LP,Btech-2127-TI1,05 Getting a job,21-24,female,1,378,408,42.39,Btech
May29-2024-HSBI Targeting-MBA with SAP,Bsc-M&F-21to25-Tier 2&3,05 Getting a job,21-24,male,,73,75,7.26,Bsc
May29-2024-HSBI Targeting-MBA with SAP,Bsc-M&F-21to25-Tier 2&3,05 Getting a job,21-24,female,,43,45,9.11,Bsc
May29-2024-HSBI Targeting-MBA with SAP,Bsc-M&F-21to25-Tier 2&3,05 Getting a job,21-24,unknown,,1,1,0.01,Bsc
May29-2024-HSBI Targeting-MBA with SAP,Bsc-M&F-21to25-Tier 2&3,05 Getting a job,25-27,female,,7,7,0.61,Bsc
May29-2024-HSBI Targeting-MBA with SAP,Broad-21to25-Tier 2&3,05 Getting a job,21-24,male,,34,34,2.68,Broad
May29-2024-HSBI Targeting-MBA with SAP,Data Science-Men-21to25-Tier 2&3,06 10 Job Openings,21-24,male,,163,165,11.59,Data Science
May29-2024-HSBI Targeting-MBA with SAP,Data Science-Men-21to25-Tier 2&3,06 10 Job Openings,25-27,male,,22,22,2.45,Data Science
MAY28-2024-HSBI Targeting-College-Applications-LP,Btech-2127-TI1,06 10 Job Openings,21-24,male,,572,637,138.64,Btech
MAY28-2024-HSBI Targeting-College-Applications-LP,Btech-2127-TI1,06 10 Job Openings,25-27,male,,189,227,64.57,Btech
MAY28-2024-HSBI Targeting-College-Applications-LP,Btech-2127-TI1,06 10 Job Openings,21-24,unknown,,1,1,0.37,Btech
MAY28-2024-HSBI Targeting-College-Applications-LP,Btech-2127-TI1,06 10 Job Openings,25-27,unknown,,2,3,0.74,Btech
MAY28-2024-HSBI Targeting-College-Applications-LP,Btech-2127-TI1,06 10 Job Openings,25-27,female,2,48,55,13.3,Btech
MAY28-2024-HSBI Targeting-College-Applications-LP,Btech-2127-TI1,06 10 Job Openings,21-24,female,1,253,283,50.49,Btech
May29-2024-HSBI Targeting-MBA with SAP,Data Science-Men-21to25-Tier 2&3,05 Getting a job,25-27,male,,1,1,4.38,Data Science
May29-2024-HSBI Targeting-MBA with SAP,Data Science-Men-21to25-Tier 2&3,05 Getting a job,21-24,male,2,4,5,8.6,Data Science
May29-2024-HSBI Targeting-MBA with SAP,Broad-21to25-Tier 2&3,05 Getting a job,21-24,female,,29,29,1.46,Broad
May29-2024-HSBI Targeting-MBA with SAP,Broad-21to25-Tier 2&3,05 Getting a job,21-24,female,,101,104,7.36,Broad
May29-2024-HSBI Targeting-MBA with SAP,Broad-21to25-Tier 2&3,05 Getting a job,25-27,female,,8,8,1.92,Broad
MAY28-2024-HSBI Targeting-College-Applications-LP,Bcom-2127-TI1,05 Getting a job,21-24,female,,416,454,43.42,Bcom
May29-2024-HSBI Targeting-MBA with SAP,Broad-21to25-Tier 2&3,05 Getting a job,21-24,male,,139,140,12.94,Broad
MAY28-2024-HSBI Targeting-College-Applications-LP,BBA-2127-TI1,06 10 Job Openings,25-27,unknown,,2,5,1.44,BBA
May29-2024-HSBI Targeting-MBA with SAP,Broad-21to25-Tier 2&3,05 Getting a job,25-27,female,,6,6,0.68,Broad
May29-2024-HSBI Targeting-MBA with SAP,Bsc-M&F-21to25-Tier 2&3,05 Getting a job,25-27,female,,4,5,0.16,Bsc
May29-2024-HSBI Targeting-MBA with SAP,Bsc-M&F-21to25-Tier 2&3,05 Getting a job,25-27,male,,2,2,0.55,Bsc
May29-2024-HSBI Targeting-MBA with SAP,Data Science-Men-21to25-Tier 2&3,05 Getting a job,21-24,male,,40,50,35.83,Data Science
May29-2024-HSBI Targeting-MBA with SAP,Data Science-Men-21to25-Tier 2&3,05 Getting a job,25-27,male,,5,7,1.35,Data Science
May29-2024-HSBI Targeting-MBA with SAP,Data Science-Men-21to25-Tier 2&3,05 Getting a job,21-24,male,,122,125,22.05,Data Science
May29-2024-HSBI Targeting-MBA with SAP,Data Science-Men-21to25-Tier 2&3,05 Getting a job,25-27,male,,14,14,8.49,Data Science
MAY28-2024-HSBI Targeting-College-Applications-LP,BBA-2127-TI1,06 10 Job Openings,21-24,female,,154,180,24.83,BBA
MAY28-2024-HSBI Targeting-College-Applications-LP,BBA-2127-TI1,06 10 Job Openings,21-24,male,,749,870,119.28,BBA
MAY28-2024-HSBI Targeting-College-Applications-LP,BBA-2127-TI1,06 10 Job Openings,25-27,female,,138,161,29.04,BBA
MAY28-2024-HSBI Targeting-College-Applications-LP,BBA-2127-TI1,06 10 Job Openings,21-24,unknown,,2,3,0.24,BBA
May29-2024-HSBI Targeting-MBA with SAP,Bsc-M&F-21to25-Tier 2&3,06 10 Job Openings,21-24,female,1,333,336,30.64,Bsc
MAY28-2024-HSBI Targeting-College-Applications-LP,BBA-2127-TI1,06 10 Job Openings,25-27,male,3,608,697,139.23,BBA
MAY28-2024-HSBI Targeting-College-Applications-LP,Bcom-2127-TI1,05 Getting a job,25-27,female,,90,99,19.69,Bcom
MAY28-2024-HSBI Targeting-College-Applications-LP,Bcom-2127-TI1,05 Getting a job,21-24,unknown,,1,1,0.57,Bcom
MAY28-2024-HSBI Targeting-College-Applications-LP,Bcom-2127-TI1,05 Getting a job,25-27,male,1,224,242,40.86,Bcom
MAY28-2024-HSBI Targeting-College-Applications-LP,Bcom-2127-TI1,05 Getting a job,21-24,male,2,737,788,87.15,Bcom
May29-2024-HSBI Targeting-MBA with SAP,Data Science-Men-21to25-Tier 2&3,05 Getting a job,21-24,male,,328,333,25.23,Data Science
May29-2024-HSBI Targeting-MBA with SAP,Data Science-Men-21to25-Tier 2&3,05 Getting a job,25-27,male,,51,51,5.14,Data Science
May29-2024-HSBI Targeting-MBA with SAP,Bsc-M&F-21to25-Tier 2&3,06 10 Job Openings,21-24,male,,252,257,29.32,Bsc
May29-2024-HSBI Targeting-MBA with SAP,Bsc-M&F-21to25-Tier 2&3,06 10 Job Openings,25-27,female,,42,42,5.22,Bsc
May29-2024-HSBI Targeting-MBA with SAP,Bsc-M&F-21to25-Tier 2&3,06 10 Job Openings,25-27,male,,40,40,4.44,Bsc
May29-2024-HSBI Targeting-MBA with SAP,Broad-21to25-Tier 2&3,05 Getting a job,25-27,male,,8,8,0.86,Broad
May29-2024-HSBI Targeting-MBA with SAP,Bsc-M&F-21to25-Tier 2&3,05 Getting a job,21-24,male,,30,30,2.77,Bsc
MAY28-2024-HSBI Targeting-College-Applications-LP,BBA-2127-TI1,05 Getting a job,21-24,female,,78,97,10.89,BBA
May29-2024-HSBI Targeting-MBA with SAP,Data Science-Men-21to25-Tier 2&3,05 Getting a job,25-27,female,,10,12,0.65,Data Science
MAY28-2024-HSBI Targeting-College-Applications-LP,Bcom-2127-TI1,06 10 Job Openings,25-27,female,,84,92,21.88,Bcom
MAY28-2024-HSBI Targeting-College-Applications-LP,Bcom-2127-TI1,06 10 Job Openings,25-27,unknown,,4,4,1.16,Bcom
MAY28-2024-HSBI Targeting-College-Applications-LP,Bcom-2127-TI1,06 10 Job Openings,25-27,male,2,195,227,74.73,Bcom
MAY28-2024-HSBI Targeting-College-Applications-LP,Bcom-2127-TI1,06 10 Job Openings,21-24,male,2,670,751,133.04,Bcom
May29-2024-HSBI Targeting-MBA with SAP,Broad-21to25-Tier 2&3,06 10 Job Openings,21-24,male,,34,34,2.14,Broad
May29-2024-HSBI Targeting-MBA with SAP,Broad-21to25-Tier 2&3,06 10 Job Openings,21-24,female,,22,22,1.14,Broad
May29-2024-HSBI Targeting-MBA with SAP,Broad-21to25-Tier 2&3,06 10 Job Openings,25-27,female,,6,6,6.86,Broad
May29-2024-HSBI Targeting-MBA with SAP,Broad-21to25-Tier 2&3,06 10 Job Openings,25-27,male,,4,4,0.3,Broad
May29-2024-HSBI Targeting-MBA with SAP,Data Science-Men-21to25-Tier 2&3,05 Getting a job,21-24,female,,60,77,12.33,Data Science
May29-2024-HSBI Targeting-MBA with SAP,Data Science-Men-21to25-Tier 2&3,05 Getting a job,21-24,male,,67,86,19.58,Data Science
May29-2024-HSBI Targeting-MBA with SAP,Data Science-Men-21to25-Tier 2&3,05 Getting a job,25-27,male,,10,13,0.32,Data Science
May29-2024-HSBI Targeting-MBA with SAP,Bsc-M&F-21to25-Tier 2&3,06 10 Job Openings,25-27,male,,7,7,0.6,Bsc
May29-2024-HSBI Targeting-MBA with SAP,Data Science-Men-21to25-Tier 2&3,06 10 Job Openings,21-24,male,,34,35,2.53,Data Science
May29-2024-HSBI Targeting-MBA with SAP,Data Science-Men-21to25-Tier 2&3,06 10 Job Openings,25-27,male,,2,2,0.12,Data Science
May29-2024-HSBI Targeting-MBA with SAP,Broad-21to25-Tier 2&3,05 Getting a job,21-24,male,,100,100,7.62,Broad
May29-2024-HSBI Targeting-MBA with SAP,Broad-21to25-Tier 2&3,05 Getting a job,25-27,female,,5,5,0.4,Broad
May29-2024-HSBI Targeting-MBA with SAP,Broad-21to25-Tier 2&3,05 Getting a job,21-24,female,,50,51,5.05,Broad
May29-2024-HSBI Targeting-MBA with SAP,Broad-21to25-Tier 2&3,05 Getting a job,25-27,male,,15,15,1.57,Broad
May29-2024-HSBI Targeting-MBA with SAP,Data Science-Men-21to25-Tier 2&3,05 Getting a job,21-24,male,,406,415,44.22,Data Science
May29-2024-HSBI Targeting-MBA with SAP,Data Science-Men-21to25-Tier 2&3,05 Getting a job,25-27,male,,53,53,7.21,Data Science
May29-2024-HSBI Targeting-MBA with SAP,Data Science-Men-21to25-Tier 2&3,05 Getting a job,21-24,male,,129,184,68.89,Data Science
May29-2024-HSBI Targeting-MBA with SAP,Data Science-Men-21to25-Tier 2&3,05 Getting a job,25-27,male,,23,28,9.78,Data Science
MAY28-2024-HSBI Targeting-College-Applications-LP,Bcom-2127-TI1,06 10 Job Openings,21-24,female,,336,361,44.15,Bcom
May29-2024-HSBI Targeting-MBA with SAP,Bsc-M&F-21to25-Tier 2&3,06 10 Job Openings,25-27,female,,11,11,0.68,Bsc
MAY28-2024-HSBI Targeting-College-Applications-LP,BBA-2127-TI1,05 Getting a job,21-24,male,,347,399,58.83,BBA
May29-2024-HSBI Targeting-MBA with SAP,Bsc-M&F-21to25-Tier 2&3,05 Getting a job,25-27,male,,13,13,1.65,Bsc
MAY28-2024-HSBI Targeting-College-Applications-LP,BBA-2127-TI1,05 Getting a job,25-27,male,,272,301,56.98,BBA
MAY28-2024-HSBI Targeting-College-Applications-LP,BBA-2127-TI1,05 Getting a job,25-27,female,1,54,68,13.36,BBA
May29-2024-HSBI Targeting-MBA with SAP,Data Science-Men-21to25-Tier 2&3,06 10 Job Openings,21-24,male,,4,5,0.24,Data Science
May29-2024-HSBI Targeting-MBA with SAP,Data Science-Men-21to25-Tier 2&3,06 10 Job Openings,21-24,female,,6,9,12.5,Data Science
May29-2024-HSBI Targeting-MBA with SAP,Data Science-Men-21to25-Tier 2&3,06 10 Job Openings,25-27,female,,1,1,0,Data Science
May29-2024-HSBI Targeting-MBA with SAP,Data Science-Men-21to25-Tier 2&3,06 10 Job Openings,21-24,male,,31,45,12.69,Data Science
May29-2024-HSBI Targeting-MBA with SAP,Data Science-Men-21to25-Tier 2&3,06 10 Job Openings,25-27,male,,5,7,0.72,Data Science
May29-2024-HSBI Targeting-MBA with SAP,Bsc-M&F-21to25-Tier 2&3,05 Getting a job,21-24,female,,101,101,8.17,Bsc
May29-2024-HSBI Targeting-MBA with SAP,Bsc-M&F-21to25-Tier 2&3,05 Getting a job,21-24,male,,96,98,9.31,Bsc
May29-2024-HSBI Targeting-MBA with SAP,Bsc-M&F-21to25-Tier 2&3,05 Getting a job,25-27,female,,10,11,2.11,Bsc
May29-2024-HSBI Targeting-MBA with SAP,Broad-21to25-Tier 2&3,06 10 Job Openings,21-24,female,,295,299,26.67,Broad
May29-2024-HSBI Targeting-MBA with SAP,Bsc-M&F-21to25-Tier 2&3,06 10 Job Openings,21-24,male,,51,52,3.51,Bsc
May29-2024-HSBI Targeting-MBA with SAP,Broad-21to25-Tier 2&3,06 10 Job Openings,21-24,male,,301,301,27.93,Broad
May29-2024-HSBI Targeting-MBA with SAP,Broad-21to25-Tier 2&3,06 10 Job Openings,25-27,female,,27,28,5.37,Broad
May29-2024-HSBI Targeting-MBA with SAP,Broad-21to25-Tier 2&3,06 10 Job Openings,25-27,male,,33,33,6.64,Broad
May29-2024-HSBI Targeting-MBA with SAP,Broad-21to25-Tier 2&3,06 10 Job Openings,21-24,unknown,,1,1,0.07,Broad
May29-2024-HSBI Targeting-MBA with SAP,Data Science-Men-21to25-Tier 2&3,05 Getting a job,21-24,male,,8,12,11.63,Data Science
May29-2024-HSBI Targeting-MBA with SAP,Data Science-Men-21to25-Tier 2&3,05 Getting a job,21-24,female,,8,9,0.64,Data Science
May29-2024-HSBI Targeting-MBA with SAP,Data Science-Men-21to25-Tier 2&3,05 Getting a job,21-24,female,,29,38,50.4,Data Science
May29-2024-HSBI Targeting-MBA with SAP,Data Science-Men-21to25-Tier 2&3,05 Getting a job,21-24,male,,30,37,30.24,Data Science
May29-2024-HSBI Targeting-MBA with SAP,Data Science-Men-21to25-Tier 2&3,05 Getting a job,25-27,male,,3,6,2.68,Data Science
May29-2024-HSBI Targeting-MBA with SAP,Data Science-Men-21to25-Tier 2&3,05 Getting a job,25-27,female,,4,4,11.41,Data Science
May29-2024-HSBI Targeting-MBA with SAP,Bsc-M&F-21to25-Tier 2&3,06 10 Job Openings,21-24,female,,61,61,9.03,Bsc
May29-2024-HSBI Targeting-MBA with SAP,Bsc-M&F-21to25-Tier 2&3,05 Getting a job,21-24,female,,49,49,5.42,Bsc
